[2026-10-07T12:02:38.818Z] GET http://127.0.0.1:34567/welcome → 200 (3ms, 8951B)
[2026-10-07T12:02:38.877Z] GET https://fonts.googleapis.com/css2?family=DM+Sans:wght@400;500;600&family=JetBrains+Mono:wght@400;500&display=swap → 200 (?ms, -698B)
[2026-10-07T12:02:38.877Z] GET https://api.fontshare.com/v2/css?f[]=satoshi@700,900&display=swap → 200 (?ms, -728B)
[2026-10-07T12:02:38.907Z] GET https://fonts.gstatic.com/s/dmsans/v17/rP2Yp2ywxg089UriI5-g4vlH9VoD8Cmcqbu0-K6z9mXg.woff2 → pending (?ms, ?B)
[2026-10-07T12:02:38.907Z] GET https://cdn.fontshare.com/wf/NHPGVFYUXYXE33DZ75OIT4JFGHITX5PE/PSUTMASCDJTVPERDYJZPN23BVUFUCQIF/J64QX5IPOHK56I2KYUNBQ5M2XWZEYKYX.woff2 → pending (?ms, ?B)
[2026-10-07T12:02:38.907Z] GET https://cdn.fontshare.com/wf/LAFFD4SDUCDVQEXFPDC7C53EQ4ZELWQI/PXCT3G6LO6ICM5I3NTYENYPWJAECAWDD/GHM6WVH6MILNYOOCXHXB5GTSGNTMGXZR.woff2 → pending (?ms, ?B)
[2026-10-07T12:02:38.907Z] GET https://fonts.gstatic.com/s/jetbrainsmono/v24/tDbv2o-flEEny0FZhsfKu5WU4zr3E_BX0PnT8RD8yKwBNntkaToggR7BYRbKPxDcwgknk-4.woff2 → pending (?ms, ?B)
[2026-10-07T12:02:52.569Z] GET https://web.whatsapp.com/send?phone=27840882082&text=Disappearing%20image%20prototype%20%E2%80%94%20open%20the%20link%2C%20then%20press%20and%20hold%20the%20panel%20to%20reveal%20the%20concept.%20It%20only%20shows%20while%20you%20hold%2C%20and%20you%20get%20one%20viewing.%0A%0Ahttps%3A//derryk-yazi.github.io/view-once-demo/&type=phone_number&app_absent=0 → pending (?ms, ?B)
[2026-10-07T12:02:52.569Z] GET https://web.whatsapp.com/send?phone=27840882082&text=Disappearing%20image%20prototype%20%E2%80%94%20open%20the%20link%2C%20then%20press%20and%20hold%20the%20panel%20to%20reveal%20the%20concept.%20It%20only%20shows%20while%20you%20hold%2C%20and%20you%20get%20one%20viewing.%0A%0Ahttps%3A//derryk-yazi.github.io/view-once-demo/&type=phone_number&app_absent=0 → pending (?ms, ?B)
[2026-10-07T12:02:54.710Z] GET https://static.whatsapp.net/rsrc.php/v5/yA/l/0,cross/M0vWqzpuGr2KkmsA6qiUsNOB_OY8k1KqH.css → 200 (3ms, -2143B)
[2026-10-07T12:02:54.710Z] GET https://static.whatsapp.net/rsrc.php/v5/yA/l/0,cross/M0vWqzpuGr2KkmsA6qiUsNOB_OY8k1KqH.css → 200 (3ms, -2143B)
[2026-10-07T12:02:54.710Z] GET https://static.whatsapp.net/rsrc.php/v4/y0/r/84JdB7FBKo5.js → 200 (36ms, -2158B)
[2026-10-07T12:02:54.710Z] GET https://static.whatsapp.net/rsrc.php/v4/y0/r/84JdB7FBKo5.js → 200 (36ms, -2158B)
[2026-10-07T12:02:54.710Z] GET https://static.whatsapp.net/rsrc.php/v4im0G4/yk/l/en_GB-j/xZ9y4avU_OCvpTobKogzTtDqp6KbM8ilSAD94bJHiVV610sPn3UVMiBzvXzHQvQ00z2PpDQxpYbx7RjnSVGpAuebCm62riT5vjtibJkO_PKzLnAcWyHzpOQSUe0qnL2dG90Hso6pjbbzH2b.js → 200 (18ms, -2159B)
[2026-10-07T12:02:54.710Z] GET https://static.whatsapp.net/rsrc.php/v4im0G4/yk/l/en_GB-j/xZ9y4avU_OCvpTobKogzTtDqp6KbM8ilSAD94bJHiVV610sPn3UVMiBzvXzHQvQ00z2PpDQxpYbx7RjnSVGpAuebCm62riT5vjtibJkO_PKzLnAcWyHzpOQSUe0qnL2dG90Hso6pjbbzH2b.js → 200 (18ms, -2159B)
[2026-10-07T12:02:54.710Z] GET https://static.whatsapp.net/rsrc.php/v4/y2/r/dCUPS52Xk1J.js → 200 (11ms, -2161B)
[2026-10-07T12:02:54.710Z] GET https://static.whatsapp.net/rsrc.php/v4/y2/r/dCUPS52Xk1J.js → 200 (11ms, -2161B)
[2026-10-07T12:02:54.711Z] GET https://static.whatsapp.net/rsrc.php/v4/yJ/r/AZ1DGHUMNLq.js → 200 (20ms, -2158B)
[2026-10-07T12:02:54.711Z] GET https://static.whatsapp.net/rsrc.php/v4/yJ/r/AZ1DGHUMNLq.js → 200 (20ms, -2158B)
[2026-10-07T12:02:54.711Z] GET https://static.whatsapp.net/rsrc.php/v4ihdQ4/yx/l/en_GB-j/NhTgDxMr1_fVHrzkkmSGPepf-O1TqFW3VeZ9sfU_7kG6m-0023353YjvfL2oS-7Y0f0fCUH2OPmElXCrEeLHuYRqS9XAVjouOuOebqZ2dZ7C_2wWPjZk9VFvymMg-96LPhQCwCgCtfq108KrpE0DSK8MYKHyx40rgB4jZgS8wAD03CWf9xV7NHn1OoFI8tKqyiuziWHYytoXuDZqrHU0XOZ1CYuBEk87Mcrc3EghRgxME01XdEdewpjwhPAmP75ZyE2Pr-0WRwxXeEc1uGbXKxuqLXAuou7BWfYELqP60Hcr430qlLKhabED3KVSCIjt010zAfNf1o.js → 200 (39ms, -2159B)
[2026-10-07T12:02:54.711Z] GET https://static.whatsapp.net/rsrc.php/v4ihdQ4/yx/l/en_GB-j/NhTgDxMr1_fVHrzkkmSGPepf-O1TqFW3VeZ9sfU_7kG6m-0023353YjvfL2oS-7Y0f0fCUH2OPmElXCrEeLHuYRqS9XAVjouOuOebqZ2dZ7C_2wWPjZk9VFvymMg-96LPhQCwCgCtfq108KrpE0DSK8MYKHyx40rgB4jZgS8wAD03CWf9xV7NHn1OoFI8tKqyiuziWHYytoXuDZqrHU0XOZ1CYuBEk87Mcrc3EghRgxME01XdEdewpjwhPAmP75ZyE2Pr-0WRwxXeEc1uGbXKxuqLXAuou7BWfYELqP60Hcr430qlLKhabED3KVSCIjt010zAfNf1o.js → 200 (39ms, -2159B)
[2026-10-07T12:02:54.711Z] GET https://static.whatsapp.net/rsrc.php/v4ieQQ4/yI/l/en_GB-j/VfPs6RikvM380ReI_JGE7lrOwtP_HluOk7Mmn4jTpPc8XGDrQ_CInywi9555mgu4LKYetXfLXoqdpqLHCXmPk0ZWkNg-d4gMn9rbiWL4VgRlwL2osAk-WywaqkUk7TvXO3n1umSafWX700iFxw3o6D09cC4QMMBK4ERxFaiy7uqXqFQIaRmEPMHPtinhAwq_P-04_NwMO8PSYNe19MyKGocAexfmHDSTnDnVPWIyNv1ZlIo_jQKLOC5I05tVLrR7WKvf6dSUlSOJmFB6VcBsR2Y4TrSNU8GlblDVDR7WXtuh4wos9pBTBy57olT7s-XCwamb14RsoK.js → 200 (30ms, -2157B)
[2026-10-07T12:02:54.711Z] GET https://static.whatsapp.net/rsrc.php/v4ieQQ4/yI/l/en_GB-j/VfPs6RikvM380ReI_JGE7lrOwtP_HluOk7Mmn4jTpPc8XGDrQ_CInywi9555mgu4LKYetXfLXoqdpqLHCXmPk0ZWkNg-d4gMn9rbiWL4VgRlwL2osAk-WywaqkUk7TvXO3n1umSafWX700iFxw3o6D09cC4QMMBK4ERxFaiy7uqXqFQIaRmEPMHPtinhAwq_P-04_NwMO8PSYNe19MyKGocAexfmHDSTnDnVPWIyNv1ZlIo_jQKLOC5I05tVLrR7WKvf6dSUlSOJmFB6VcBsR2Y4TrSNU8GlblDVDR7WXtuh4wos9pBTBy57olT7s-XCwamb14RsoK.js → 200 (30ms, -2157B)
[2026-10-07T12:02:54.711Z] GET https://static.whatsapp.net/rsrc.php/v4iAYN4/yI/l/en_GB-j/HhHwxyBtiC60uQzbBXnZHgMPJYCdPgb4BW_KJf4vcaIFr5Qz2v74MOWC2KtpwmsEZXE6nPSzL3omnQy0bAz9iwpd3bvY2vjKxY3e4C_aoAygjrTmZBCcXZC2VccAzoayLEyO9wOG39rwPJY.js → 200 (45ms, -2160B)
[2026-10-07T12:02:54.711Z] GET https://static.whatsapp.net/rsrc.php/v4iAYN4/yI/l/en_GB-j/HhHwxyBtiC60uQzbBXnZHgMPJYCdPgb4BW_KJf4vcaIFr5Qz2v74MOWC2KtpwmsEZXE6nPSzL3omnQy0bAz9iwpd3bvY2vjKxY3e4C_aoAygjrTmZBCcXZC2VccAzoayLEyO9wOG39rwPJY.js → 200 (45ms, -2160B)
[2026-10-07T12:02:54.712Z] GET https://static.whatsapp.net/rsrc.php/v4i8Mg4/ym/l/en_GB-j/KvJuOM7DpA_.js → 200 (47ms, -2159B)
[2026-10-07T12:02:54.712Z] GET https://static.whatsapp.net/rsrc.php/v4i8Mg4/ym/l/en_GB-j/KvJuOM7DpA_.js → 200 (47ms, -2159B)
[2026-10-07T12:02:54.712Z] GET https://static.whatsapp.net/rsrc.php/v4/yU/r/6pfTtgfEtij.js → 200 (34ms, -2159B)
[2026-10-07T12:02:54.712Z] GET https://static.whatsapp.net/rsrc.php/v4/yU/r/6pfTtgfEtij.js → 200 (34ms, -2159B)
[2026-10-07T12:02:54.861Z] GET https://static.whatsapp.net/rsrc.php/yy/r/s3KknyKHL5v.woff2 → 200 (3ms, -2125B)
[2026-10-07T12:02:54.861Z] GET https://static.whatsapp.net/rsrc.php/yy/r/s3KknyKHL5v.woff2 → 200 (3ms, -2125B)
[2026-10-07T12:02:55.223Z] GET https://web.whatsapp.com/data/manifest.json → 200 (312ms, 804B)
[2026-10-07T12:02:55.223Z] GET https://web.whatsapp.com/data/manifest.json → 200 (312ms, 804B)
[2026-10-07T12:02:55.299Z] GET https://static.whatsapp.net/rsrc.php/v4/yw/r/0uQzbBXnZHgMPJYCdPgb4Be4C_aoAygjrebqZ2dZ7C_2zvXzHQvQ00zI8tKqyiuziWEk87Mcrc3EgRjnSVGpAuebxDE3ZTVVgB8biWL4VgRlwLumSafWX700iCwamb14RsoK.js → 200 (58ms, -2167B)
[2026-10-07T12:02:55.299Z] GET https://static.whatsapp.net/rsrc.php/v4/yw/r/0uQzbBXnZHgMPJYCdPgb4Be4C_aoAygjrebqZ2dZ7C_2zvXzHQvQ00zI8tKqyiuziWEk87Mcrc3EgRjnSVGpAuebxDE3ZTVVgB8biWL4VgRlwLumSafWX700iCwamb14RsoK.js → 200 (58ms, -2167B)
[2026-10-07T12:02:55.303Z] GET https://static.whatsapp.net/rsrc.php/v4iHmK4/ye/l/en_GB-j/S_6Rjjsz8CU1OwuiCtku_5ybQZ2AzNJnUP8FJ6shlVKeyjKu8cwWMZ_QYs_NkbfUHG0hNKMAhWrBnYtGzIqKJLdaEa5PQeruOSTxsOzVRrXrg31hO5296xU5Np0P-ArdSKfP4sFW0PTgjcCxPRE72hk5762htrHC-_MOEusosC5zTzvEAEmsfjvs48BhC4sM8pHXEUbsk77AtON7Wm7-yWEdYl3iX5fE-PB_vJVKUb-R8qTq3QPoJAsAWgdmmU3iz0UHagE78LtRAC4BK0Z-jYy7Rbv6yjoIUpY77KLfjIkB67_ZKw9j-XpnJEtXbM6_cUVu92oDgl.js → 200 (45ms, -2175B)
[2026-10-07T12:02:55.303Z] GET https://static.whatsapp.net/rsrc.php/v4iHmK4/ye/l/en_GB-j/S_6Rjjsz8CU1OwuiCtku_5ybQZ2AzNJnUP8FJ6shlVKeyjKu8cwWMZ_QYs_NkbfUHG0hNKMAhWrBnYtGzIqKJLdaEa5PQeruOSTxsOzVRrXrg31hO5296xU5Np0P-ArdSKfP4sFW0PTgjcCxPRE72hk5762htrHC-_MOEusosC5zTzvEAEmsfjvs48BhC4sM8pHXEUbsk77AtON7Wm7-yWEdYl3iX5fE-PB_vJVKUb-R8qTq3QPoJAsAWgdmmU3iz0UHagE78LtRAC4BK0Z-jYy7Rbv6yjoIUpY77KLfjIkB67_ZKw9j-XpnJEtXbM6_cUVu92oDgl.js → 200 (45ms, -2175B)
[2026-10-07T12:02:55.303Z] GET https://static.whatsapp.net/rsrc.php/v4iLHP4/yj/l/en_GB-j/5v1ks2ndl64.js → 200 (46ms, -2177B)
[2026-10-07T12:02:55.303Z] GET https://static.whatsapp.net/rsrc.php/v4iLHP4/yj/l/en_GB-j/5v1ks2ndl64.js → 200 (46ms, -2177B)
[2026-10-07T12:02:55.303Z] GET https://static.whatsapp.net/rsrc.php/v4iJUQ4/yp/l/en_GB-j/AyZjs0FHMBPrvbmkY7WAcvhnGMqLahRvKnQiSKGpm0-nXSnGDT8UXa0GrwfiQgVkb0swWkzdxysZ6pcUtDmQ7ZcxMOqnqvNEaVpLk1ghXaam86KRovOdjwYhaI5pyhPO_MTLpBo4E19K3ykCyvz0H5BML7j1RZs6sJhX8LaaseKXg5R3-B2s_8n-xJl_SmlAw6FS2I78jtgOsXGncNvvdqpg39SfHHyFAnD5nejP17R_g10IG7uGOOE9oaexmb3pf1O7vvAVHim6bkt8HcbB2OMWkdLYkFUXUL2UnXQAzdNAr609m3j-fXj59NZEN6_G0UCe7wGttR.js → 200 (72ms, -2177B)
[2026-10-07T12:02:55.303Z] GET https://static.whatsapp.net/rsrc.php/v4iJUQ4/yp/l/en_GB-j/AyZjs0FHMBPrvbmkY7WAcvhnGMqLahRvKnQiSKGpm0-nXSnGDT8UXa0GrwfiQgVkb0swWkzdxysZ6pcUtDmQ7ZcxMOqnqvNEaVpLk1ghXaam86KRovOdjwYhaI5pyhPO_MTLpBo4E19K3ykCyvz0H5BML7j1RZs6sJhX8LaaseKXg5R3-B2s_8n-xJl_SmlAw6FS2I78jtgOsXGncNvvdqpg39SfHHyFAnD5nejP17R_g10IG7uGOOE9oaexmb3pf1O7vvAVHim6bkt8HcbB2OMWkdLYkFUXUL2UnXQAzdNAr609m3j-fXj59NZEN6_G0UCe7wGttR.js → 200 (72ms, -2177B)
[2026-10-07T12:02:55.306Z] GET https://static.whatsapp.net/rsrc.php/v4irub4/yR/l/en_GB-j/jlHSuaGpgoc.js → 200 (45ms, -2177B)
[2026-10-07T12:02:55.306Z] GET https://static.whatsapp.net/rsrc.php/v4irub4/yR/l/en_GB-j/jlHSuaGpgoc.js → 200 (45ms, -2177B)
[2026-10-07T12:02:55.306Z] GET https://static.whatsapp.net/rsrc.php/v4ionN4/y9/l/en_GB-j/5v6GLXqna51.js → 200 (43ms, -2177B)
[2026-10-07T12:02:55.306Z] GET https://static.whatsapp.net/rsrc.php/v4ionN4/y9/l/en_GB-j/5v6GLXqna51.js → 200 (43ms, -2177B)
[2026-10-07T12:02:55.306Z] GET https://static.whatsapp.net/rsrc.php/v4i_H74/yZ/l/en_GB-j/wDyaHSlvTU8p7KmEH1zI1xt1qtyQ84QBcWLml09-IT0JVpXP6oTiFaJu0WoMaFJJWn.js → 200 (57ms, -2177B)
[2026-10-07T12:02:55.306Z] GET https://static.whatsapp.net/rsrc.php/v4i_H74/yZ/l/en_GB-j/wDyaHSlvTU8p7KmEH1zI1xt1qtyQ84QBcWLml09-IT0JVpXP6oTiFaJu0WoMaFJJWn.js → 200 (57ms, -2177B)
[2026-10-07T12:02:55.306Z] GET https://static.whatsapp.net/rsrc.php/v4iEKH4/yn/l/en_GB-j/RVU_fptZ-Br.js → 200 (54ms, -2177B)
[2026-10-07T12:02:55.306Z] GET https://static.whatsapp.net/rsrc.php/v4iEKH4/yn/l/en_GB-j/RVU_fptZ-Br.js → 200 (54ms, -2177B)
[2026-10-07T12:02:55.306Z] GET https://static.whatsapp.net/rsrc.php/v4iEbr4/yu/l/en_GB-j/r9P7Xi4hMdo.js → 200 (44ms, -2177B)
[2026-10-07T12:02:55.306Z] GET https://static.whatsapp.net/rsrc.php/v4iEbr4/yu/l/en_GB-j/r9P7Xi4hMdo.js → 200 (44ms, -2177B)
[2026-10-07T12:02:55.345Z] GET https://static.whatsapp.net/rsrc.php/v4/yC/r/KSaS6XqRFN6.js → 200 (33ms, -2166B)
[2026-10-07T12:02:55.345Z] GET https://static.whatsapp.net/rsrc.php/v4/yC/r/KSaS6XqRFN6.js → 200 (33ms, -2166B)
[2026-10-07T12:02:55.378Z] GET https://web.whatsapp.com/ajax/bootloader-endpoint/?modules=WAWebLocalesCldrEmojiSuggestionEn&__user=0&__a=1&__req=1&__hs=20733.HYP%3Awhatsapp_comet_pkg.2.1...0&dpr=2&__ccg=UNKNOWN&__rev=1049558099&__s=jba163%3Akh98jz%3Aldpecq&__hsi=7693895210999679922&__dyn=7xe5WwlEnwn8K6EjBBwcm5U4e0C8dEc8co2qwJw5ux609vCwjE1EE2Cw8G11wBw5Zx62G3i0ha2l0Fw4Hw9O7U2czXwbu3C2u0NU5G0zEnwhE2Lw6OyES0gq0Lo6-1Fw4mwr9E37wgEbo5G2Be6o7u0_8460CE2zwv82Nwxwso2mwRy8fi0&__csr=g4_5in5gZMD6_3dfRq48lMxN4j4iNOl8QgONYncy8_BcGtWkBAjBlKlpRhRhZVteuRPi_pq8jQHHi8FHmOJ_BqBQmmpd4rWUGibxmJ2Gzo3_Cwzg0yuaxe6801EOQ0I80eu80al8owiNofo30g33wMAd4wvE4HpU9qwgQ8g2kggV40UE8oGcEzwNgoK0mFm8g2RBxmi&__hsdp=gaIp21xy8b2pwN3k6iAzNf8gS2YrjE8XOu44jSDqlYjkxDlHQ3F2EC8yoWYxrO9eeJ7jm2GcEB4eKAmSO6nGl3ujx2Sm5aJa8x2EC2qqGyEV5xd99Amiu8mmbAB8Q6u4kvUzBBylhe59VEymmE2fwFVHyEaQ4UlyoeFE4a2-2vxjxS7oGFFdabDG1-KGyoGaxu9xaibAz8ow8e1gCzo98uzFEy12DAwSxy4o5i1hCxi3u1lwQg23wIwsU2dw&__hblp=089o5i3SUoBh4Z4xB1NV8g9bQfhcRSzhtii8Qk3ByyGBbh19zOmBkB8r5i8-2qCai4N4ysRPPmHbCEYDiGiSh2ASBFQnjS8lQh9xPpJVWUN5xdmCTjhExplLGQkIwKcpWGQF7G_ThetlRKbjGiHHi8Fqw8-2DCKawHgjxm9wDxaq12DVUky89-5e7otyBCAQEKuE7WWG9yEG5UC4F8Kicxy4E721gCzo98uzFEy12DAwSxy4ojAG4VUSeG3O4pEkwTwlod42G1jAwIwoNHs90nUow&__sjsp=gaIp21xy8b2pwN2ch1pauf4bgxw&__comet_req=17&__spin_r=1049558099&__spin_b=trunk&__spin_t=1791374574 → 200 (282ms, 373B)
[2026-10-07T12:02:55.378Z] GET https://web.whatsapp.com/ajax/bootloader-endpoint/?modules=WAWebLocalesCldrEmojiSuggestionEn&__user=0&__a=1&__req=1&__hs=20733.HYP%3Awhatsapp_comet_pkg.2.1...0&dpr=2&__ccg=UNKNOWN&__rev=1049558099&__s=jba163%3Akh98jz%3Aldpecq&__hsi=7693895210999679922&__dyn=7xe5WwlEnwn8K6EjBBwcm5U4e0C8dEc8co2qwJw5ux609vCwjE1EE2Cw8G11wBw5Zx62G3i0ha2l0Fw4Hw9O7U2czXwbu3C2u0NU5G0zEnwhE2Lw6OyES0gq0Lo6-1Fw4mwr9E37wgEbo5G2Be6o7u0_8460CE2zwv82Nwxwso2mwRy8fi0&__csr=g4_5in5gZMD6_3dfRq48lMxN4j4iNOl8QgONYncy8_BcGtWkBAjBlKlpRhRhZVteuRPi_pq8jQHHi8FHmOJ_BqBQmmpd4rWUGibxmJ2Gzo3_Cwzg0yuaxe6801EOQ0I80eu80al8owiNofo30g33wMAd4wvE4HpU9qwgQ8g2kggV40UE8oGcEzwNgoK0mFm8g2RBxmi&__hsdp=gaIp21xy8b2pwN3k6iAzNf8gS2YrjE8XOu44jSDqlYjkxDlHQ3F2EC8yoWYxrO9eeJ7jm2GcEB4eKAmSO6nGl3ujx2Sm5aJa8x2EC2qqGyEV5xd99Amiu8mmbAB8Q6u4kvUzBBylhe59VEymmE2fwFVHyEaQ4UlyoeFE4a2-2vxjxS7oGFFdabDG1-KGyoGaxu9xaibAz8ow8e1gCzo98uzFEy12DAwSxy4o5i1hCxi3u1lwQg23wIwsU2dw&__hblp=089o5i3SUoBh4Z4xB1NV8g9bQfhcRSzhtii8Qk3ByyGBbh19zOmBkB8r5i8-2qCai4N4ysRPPmHbCEYDiGiSh2ASBFQnjS8lQh9xPpJVWUN5xdmCTjhExplLGQkIwKcpWGQF7G_ThetlRKbjGiHHi8Fqw8-2DCKawHgjxm9wDxaq12DVUky89-5e7otyBCAQEKuE7WWG9yEG5UC4F8Kicxy4E721gCzo98uzFEy12DAwSxy4ojAG4VUSeG3O4pEkwTwlod42G1jAwIwoNHs90nUow&__sjsp=gaIp21xy8b2pwN2ch1pauf4bgxw&__comet_req=17&__spin_r=1049558099&__spin_b=trunk&__spin_t=1791374574 → 200 (282ms, 373B)
[2026-10-07T12:02:55.383Z] GET https://static.whatsapp.net/rsrc.php/v4/yO/r/op88iTvt1jI.js → 200 (13ms, -2149B)
[2026-10-07T12:02:55.383Z] GET https://static.whatsapp.net/rsrc.php/v4/yO/r/op88iTvt1jI.js → 200 (13ms, -2149B)
[2026-10-07T12:02:55.394Z] GET https://web.whatsapp.com/ajax/bootloader-endpoint/?nb_modules=WDSLoadRobotoVariableFont&__user=0&__a=1&__req=2&__hs=20733.HYP%3Awhatsapp_comet_pkg.2.1...0&dpr=2&__ccg=UNKNOWN&__rev=1049558099&__s=jba163%3Akh98jz%3Aldpecq&__hsi=7693895210999679922&__dyn=7xe5WwlEnwn8K6EjBBwcm5U4e0C8dEc8co2qwJw5ux609vCwjE1EE2Cw8G11wBw5Zx62G3i0ha2l0Fw4Hw9O7U2czXwbu3C2u0NU5G0zEnwhE2Lw6OyES0gq0Lo6-1Fw4mwr9E37wgEbo5G2Be6o7u0_8460CE2zwv82Nwxwso2mwRy8fi0&__csr=g4_5in5gZMD6_3dfRq48lMxN4j4iNOl8QgONYncy8_BcGtWkBAjBlKlpRhRhZVteuRPi_pq8jQHHi8FHmOJ_BqBQmmpd4rWUGibxmJ2Gzo3_Cwzg0yuaxe6801EOQ0I80eu80al8owiNofo30g33wMAd4wvE4HpU9qwgQ8g2kggV40UE8oGcEzwNgoK0mFm8g2RBxmi&__hsdp=gaIp21xy8b2pwN3k6iAzNf8gS2YrjE8XOu44jSDqlYjkxDlHQ3F2EC8yoWYxrO9eeJ7jm2GcEB4eKAmSO6nGl3ujx2Sm5aJa8x2EC2qqGyEV5xd99Amiu8mmbAB8Q6u4kvUzBBylhe59VEymmE2fwFVHyEaQ4UlyoeFE4a2-2vxjxS7oGFFdabDG1-KGyoGaxu9xaibAz8ow8e1gCzo98uzFEy12DAwSxy4o5i1hCxi3u1lwQg23wIwsU2dw&__hblp=089o5i3SUoBh4Z4xB1NV8g9bQfhcRSzhtii8Qk3ByyGBbh19zOmBkB8r5i8-2qCai4N4ysRPPmHbCEYDiGiSh2ASBFQnjS8lQh9xPpJVWUN5xdmCTjhExplLGQkIwKcpWGQF7G_ThetlRKbjGiHHi8Fqw8-2DCKawHgjxm9wDxaq12DVUky89-5e7otyBCAQEKuE7WWG9yEG5UC4F8Kicxy4E721gCzo98uzFEy12DAwSxy4ojAG4VUSeG3O4pEkwTwlod42G1jAwIwoNHs90nUow&__sjsp=gaIp21xy8b2pwN2ch1pauf4bgxw&__comet_req=17&__spin_r=1049558099&__spin_b=trunk&__spin_t=1791374574 → 200 (263ms, 224B)
[2026-10-07T12:02:55.394Z] GET https://web.whatsapp.com/ajax/bootloader-endpoint/?nb_modules=WDSLoadRobotoVariableFont&__user=0&__a=1&__req=2&__hs=20733.HYP%3Awhatsapp_comet_pkg.2.1...0&dpr=2&__ccg=UNKNOWN&__rev=1049558099&__s=jba163%3Akh98jz%3Aldpecq&__hsi=7693895210999679922&__dyn=7xe5WwlEnwn8K6EjBBwcm5U4e0C8dEc8co2qwJw5ux609vCwjE1EE2Cw8G11wBw5Zx62G3i0ha2l0Fw4Hw9O7U2czXwbu3C2u0NU5G0zEnwhE2Lw6OyES0gq0Lo6-1Fw4mwr9E37wgEbo5G2Be6o7u0_8460CE2zwv82Nwxwso2mwRy8fi0&__csr=g4_5in5gZMD6_3dfRq48lMxN4j4iNOl8QgONYncy8_BcGtWkBAjBlKlpRhRhZVteuRPi_pq8jQHHi8FHmOJ_BqBQmmpd4rWUGibxmJ2Gzo3_Cwzg0yuaxe6801EOQ0I80eu80al8owiNofo30g33wMAd4wvE4HpU9qwgQ8g2kggV40UE8oGcEzwNgoK0mFm8g2RBxmi&__hsdp=gaIp21xy8b2pwN3k6iAzNf8gS2YrjE8XOu44jSDqlYjkxDlHQ3F2EC8yoWYxrO9eeJ7jm2GcEB4eKAmSO6nGl3ujx2Sm5aJa8x2EC2qqGyEV5xd99Amiu8mmbAB8Q6u4kvUzBBylhe59VEymmE2fwFVHyEaQ4UlyoeFE4a2-2vxjxS7oGFFdabDG1-KGyoGaxu9xaibAz8ow8e1gCzo98uzFEy12DAwSxy4o5i1hCxi3u1lwQg23wIwsU2dw&__hblp=089o5i3SUoBh4Z4xB1NV8g9bQfhcRSzhtii8Qk3ByyGBbh19zOmBkB8r5i8-2qCai4N4ysRPPmHbCEYDiGiSh2ASBFQnjS8lQh9xPpJVWUN5xdmCTjhExplLGQkIwKcpWGQF7G_ThetlRKbjGiHHi8Fqw8-2DCKawHgjxm9wDxaq12DVUky89-5e7otyBCAQEKuE7WWG9yEG5UC4F8Kicxy4E721gCzo98uzFEy12DAwSxy4ojAG4VUSeG3O4pEkwTwlod42G1jAwIwoNHs90nUow&__sjsp=gaIp21xy8b2pwN2ch1pauf4bgxw&__comet_req=17&__spin_r=1049558099&__spin_b=trunk&__spin_t=1791374574 → 200 (263ms, 224B)
[2026-10-07T12:02:55.413Z] GET https://web.whatsapp.com/favicon/2x/favicon/v4/ → 200 (7ms, -4779B)
[2026-10-07T12:02:55.413Z] GET https://web.whatsapp.com/favicon/2x/favicon/v4/ → 200 (7ms, -4779B)
[2026-10-07T12:02:55.417Z] GET https://static.whatsapp.net/btmanifest/1049558099/whatsapp/main → 200 (4ms, -2114B)
[2026-10-07T12:02:55.417Z] GET https://static.whatsapp.net/btmanifest/1049558099/whatsapp/main → 200 (4ms, -2114B)
[2026-10-07T12:02:55.431Z] GET https://web.whatsapp.com/static_resources/webworker_v1/init_script/?__hs=20733.HYP%3Awhatsapp_comet_pkg.2.1...0&__spin_r=1049558099&__spin_b=trunk&__spin_t=1791374574 → 200 (163ms, 121B)
[2026-10-07T12:02:55.431Z] GET https://web.whatsapp.com/static_resources/webworker_v1/init_script/?__hs=20733.HYP%3Awhatsapp_comet_pkg.2.1...0&__spin_r=1049558099&__spin_b=trunk&__spin_t=1791374574 → 200 (163ms, 121B)
[2026-10-07T12:02:55.538Z] GET https://static.whatsapp.net/rsrc.php/yy/r/NHqvcz02g54.webp → 200 (5ms, -2053B)
[2026-10-07T12:02:55.538Z] GET https://static.whatsapp.net/rsrc.php/yy/r/NHqvcz02g54.webp → 200 (5ms, -2053B)
[2026-10-07T12:02:55.595Z] GET https://static.whatsapp.net/rsrc.php/v4/y5/r/SE3cFif2WUO.js → 200 (4ms, -2134B)
[2026-10-07T12:02:55.595Z] GET https://static.whatsapp.net/rsrc.php/v4/y5/r/SE3cFif2WUO.js → 200 (4ms, -2134B)
[2026-10-07T12:02:56.377Z] GET https://web.whatsapp.com/static_resources/webworker_v1/init_script/?__hs=20733.HYP%3Awhatsapp_comet_pkg.2.1...0&__spin_r=1049558099&__spin_b=trunk&__spin_t=1791374574 → 200 (5ms, -5081B)
[2026-10-07T12:02:56.377Z] GET https://web.whatsapp.com/static_resources/webworker_v1/init_script/?__hs=20733.HYP%3Awhatsapp_comet_pkg.2.1...0&__spin_r=1049558099&__spin_b=trunk&__spin_t=1791374574 → 200 (5ms, -5081B)
[2026-10-07T12:02:56.386Z] GET https://static.whatsapp.net/rsrc.php/v4/yM/r/BngK2jcqYLl.js → 200 (13ms, -2131B)
[2026-10-07T12:02:56.386Z] GET https://static.whatsapp.net/rsrc.php/v4/yM/r/BngK2jcqYLl.js → 200 (13ms, -2131B)
[2026-10-07T12:02:56.613Z] GET https://static.whatsapp.net/rsrc.php/v4/yr/r/3_Ss2Ga_6T-.js → 200 (2ms, -2165B)
[2026-10-07T12:02:56.613Z] GET https://static.whatsapp.net/rsrc.php/v4/yr/r/3_Ss2Ga_6T-.js → 200 (2ms, -2165B)
[2026-10-07T12:02:56.615Z] GET https://static.whatsapp.net/rsrc.php/yp/r/OA5z0a81CZk.webp → 200 (17ms, -2129B)
[2026-10-07T12:02:56.615Z] GET https://static.whatsapp.net/rsrc.php/yp/r/OA5z0a81CZk.webp → 200 (17ms, -2129B)
[2026-10-07T12:02:56.615Z] GET https://static.whatsapp.net/rsrc.php/yp/r/Hb_YcNBh5aI.webp → 200 (19ms, -2128B)
[2026-10-07T12:02:56.615Z] GET https://static.whatsapp.net/rsrc.php/yp/r/Hb_YcNBh5aI.webp → 200 (19ms, -2128B)
[2026-10-07T12:02:56.615Z] GET https://static.whatsapp.net/rsrc.php/yz/r/6mOMbIajrzO.webp → 200 (18ms, -2128B)
[2026-10-07T12:02:56.615Z] GET https://static.whatsapp.net/rsrc.php/yz/r/6mOMbIajrzO.webp → 200 (18ms, -2128B)
[2026-10-07T12:02:56.615Z] GET https://web.whatsapp.com/ajax/bootloader-endpoint/?modules=WAWebVoipInit%2CWAWebHandleVoipCallOffer&__user=0&__a=1&__req=3&__hs=20733.HYP%3Awhatsapp_comet_pkg.2.1...0&dpr=2&__ccg=UNKNOWN&__rev=1049558099&__s=jba163%3Akh98jz%3Aldpecq&__hsi=7693895210999679922&__dyn=7xe5WwlEnwn8K6EjBBwcm5U4e0C8dEc8co2qwJw5ux609vCwjE1EE2Cw8G11wBw5Zx62G3i0ha2l0Fw4Hw9O7U2czXwbu3C2u0NU5G0zEnwhE2Lw6OyES0gq0Lo6-1Fw4mwr9E37wgEbo5G2Be6o7u0_8460CE2zwv82Nwxwso2mwRy8fi0&__csr=g4_5in5gZMD6_3dfRq48lMxN4j4iNOl8QgONYncy8_BcGtWkBAjBlKlpRhRhZVteuRPi_pq8jQHHi8FHmOJ_BqBQmmpd4rWUGibxmJ2Gzo3_Cwzg0yuaxe6801EOQ0I80eu80al8owiNofo30g33wMAd4wvE4HpU9qwgQ8g2kggV40UE8oGcEzwNgoK0mFm8g2RBxmi&__hsdp=gaIp21xy8b2pwN3k6iJ3Nf8gS2YrjE8XOu44jSDqlYjkxDlHQ3F2EC8yoWYxrO9eeJ7jm2GcEB4eKAmSO6nGl3ujx2Sm5aJa8x2EC2qqGyEV5xd99Amiu8mmbAB8Q6u4kvUzBBylhe59VEymmE2fwFVHyEaQ4UlyoeFE4a2-2vxjxS7oGFFdabDG1-KGyoGaxu9xaibAz8ow8e1gCzo98uzFEy12DAwSxy4o5i1hCxi3u1lwQg23wIwsU2dw&__hblp=089o5i3SUoBh4Z4xB1NV8g9bQfhcRSzhtii8Qk3ByyGBbh19zOmBkB8r5i8-2qCai4N4ysRPPmHbCEYDiGiSh2ASBFQnjS8lQh9xPpJVWUN5xdmCTjhExplLGQkIwKcpWGQF7G_ThetlRKbjGiHHi8Fqw8-2DCKawHgjxm9wDxaq12DVUky89-5e7otyBCAQEKuE7WWG9yEG5UC4F8Kicxy4E721gCzo98uzFEy12DAwSxy4ojAG4VUSeG3O4pEkwTwlod42G1jAwIwoNHs90nUow&__sjsp=gaIp21xy8b2pwN2ch1pap3N2Q8o&__comet_req=17&__spin_r=1049558099&__spin_b=trunk&__spin_t=1791374574 → 200 (547ms, 1086B)
[2026-10-07T12:02:56.615Z] GET https://web.whatsapp.com/ajax/bootloader-endpoint/?modules=WAWebVoipInit%2CWAWebHandleVoipCallOffer&__user=0&__a=1&__req=3&__hs=20733.HYP%3Awhatsapp_comet_pkg.2.1...0&dpr=2&__ccg=UNKNOWN&__rev=1049558099&__s=jba163%3Akh98jz%3Aldpecq&__hsi=7693895210999679922&__dyn=7xe5WwlEnwn8K6EjBBwcm5U4e0C8dEc8co2qwJw5ux609vCwjE1EE2Cw8G11wBw5Zx62G3i0ha2l0Fw4Hw9O7U2czXwbu3C2u0NU5G0zEnwhE2Lw6OyES0gq0Lo6-1Fw4mwr9E37wgEbo5G2Be6o7u0_8460CE2zwv82Nwxwso2mwRy8fi0&__csr=g4_5in5gZMD6_3dfRq48lMxN4j4iNOl8QgONYncy8_BcGtWkBAjBlKlpRhRhZVteuRPi_pq8jQHHi8FHmOJ_BqBQmmpd4rWUGibxmJ2Gzo3_Cwzg0yuaxe6801EOQ0I80eu80al8owiNofo30g33wMAd4wvE4HpU9qwgQ8g2kggV40UE8oGcEzwNgoK0mFm8g2RBxmi&__hsdp=gaIp21xy8b2pwN3k6iJ3Nf8gS2YrjE8XOu44jSDqlYjkxDlHQ3F2EC8yoWYxrO9eeJ7jm2GcEB4eKAmSO6nGl3ujx2Sm5aJa8x2EC2qqGyEV5xd99Amiu8mmbAB8Q6u4kvUzBBylhe59VEymmE2fwFVHyEaQ4UlyoeFE4a2-2vxjxS7oGFFdabDG1-KGyoGaxu9xaibAz8ow8e1gCzo98uzFEy12DAwSxy4o5i1hCxi3u1lwQg23wIwsU2dw&__hblp=089o5i3SUoBh4Z4xB1NV8g9bQfhcRSzhtii8Qk3ByyGBbh19zOmBkB8r5i8-2qCai4N4ysRPPmHbCEYDiGiSh2ASBFQnjS8lQh9xPpJVWUN5xdmCTjhExplLGQkIwKcpWGQF7G_ThetlRKbjGiHHi8Fqw8-2DCKawHgjxm9wDxaq12DVUky89-5e7otyBCAQEKuE7WWG9yEG5UC4F8Kicxy4E721gCzo98uzFEy12DAwSxy4ojAG4VUSeG3O4pEkwTwlod42G1jAwIwoNHs90nUow&__sjsp=gaIp21xy8b2pwN2ch1pap3N2Q8o&__comet_req=17&__spin_r=1049558099&__spin_b=trunk&__spin_t=1791374574 → 200 (547ms, 1086B)
[2026-10-07T12:02:56.627Z] GET https://web.whatsapp.com/static_resources/webworker_v1/init_script/?__hs=20733.HYP%3Awhatsapp_comet_pkg.2.1...0&__spin_r=1049558099&__spin_b=trunk&__spin_t=1791374574 → 200 (14ms, -5081B)
[2026-10-07T12:02:56.627Z] GET https://web.whatsapp.com/static_resources/webworker_v1/init_script/?__hs=20733.HYP%3Awhatsapp_comet_pkg.2.1...0&__spin_r=1049558099&__spin_b=trunk&__spin_t=1791374574 → 200 (14ms, -5081B)
[2026-10-07T12:02:56.645Z] GET https://static.whatsapp.net/rsrc.php/v4/yy/r/_kLKlCGZ9bf.js → 200 (201ms, -2135B)
[2026-10-07T12:02:56.645Z] GET https://static.whatsapp.net/rsrc.php/v4/yy/r/_kLKlCGZ9bf.js → 200 (201ms, -2135B)
[2026-10-07T12:02:56.654Z] GET https://web.whatsapp.com/static_resources/webworker_v4/init_script/?worker_type=MODULE&__hs=20733.HYP%3Awhatsapp_comet_pkg.2.1...0&__spin_r=1049558099&__spin_b=trunk&__spin_t=1791374574 → 200 (509ms, 121B)
[2026-10-07T12:02:56.654Z] GET https://web.whatsapp.com/static_resources/webworker_v4/init_script/?worker_type=MODULE&__hs=20733.HYP%3Awhatsapp_comet_pkg.2.1...0&__spin_r=1049558099&__spin_b=trunk&__spin_t=1791374574 → 200 (509ms, 121B)
[2026-10-07T12:02:56.853Z] GET https://static.whatsapp.net/rsrc.php/yW/r/BcBT7RjdyGI.wasm → 200 (7ms, -2163B)
[2026-10-07T12:02:56.853Z] GET https://static.whatsapp.net/rsrc.php/yW/r/BcBT7RjdyGI.wasm → 200 (7ms, -2163B)
[2026-10-07T12:02:57.170Z] GET https://static.whatsapp.net/rsrc.php/v4/yH/r/APf9YS4jlpf.js → pending (?ms, ?B)
[2026-10-07T12:02:57.170Z] GET https://static.whatsapp.net/rsrc.php/v4/yH/r/APf9YS4jlpf.js → pending (?ms, ?B)
[2026-10-07T12:02:57.170Z] GET https://static.whatsapp.net/rsrc.php/v4/yj/r/rb6ZyPv_muy.js → pending (?ms, ?B)
[2026-10-07T12:02:57.170Z] GET https://static.whatsapp.net/rsrc.php/v4/yj/r/rb6ZyPv_muy.js → pending (?ms, ?B)
[2026-10-07T12:02:57.173Z] GET https://web.whatsapp.com/ajax/bootloader-endpoint/?modules=WAWebVoipStackInterfaceImpl&__user=0&__a=1&__req=4&__hs=20733.HYP%3Awhatsapp_comet_pkg.2.1...0&dpr=2&__ccg=UNKNOWN&__rev=1049558099&__s=jba163%3Akh98jz%3Aldpecq&__hsi=7693895210999679922&__dyn=7xe5WwlEnwn8K6EjBBwcm5U4e0C8dEc8co2qwJw5ux609vCwjE1EE2Cw8G11wBw5Zx62G3i0ha2l0Fw4Hw9O7U2czXwbu3C2u0NU5G0zEnwhE2Lw6OyES0gq0Lo6-1Fw4mwr9E37wgEbo5G2Be6o7u0_8460CE2zwv82Nwxwso2mwRy8fi0&__csr=g4_5in5gZMD6_3dfRq48lMxN4j4iNOl8QgONYncy8_BcGtWkBAjBlKlpRhRhZVteuRPi_pq8jQHHi8FHmOJ_BqBQmmpd4rWUGibxmJ2Gzo3_Cwzg0yuaxe6801EOQ0I80eu80al8owiNofo30g33wMAd4wvE4HpU9qwgQ8g2kggV40UE8oGcEzwNgoK0mFm8g2RBxmi&__hsdp=gaIp21xy8b2pwN3k6iJ3Nf8gS7Qe6QW2eYDx14ZFSBv4R8pRqZ0WgG9y8CeL8mYyjzHhQRwGza9h3HF5JIxBWBgTAUgJBxiHiy8gG9wCCGEGehojiip5ADy5ByV9id1Dx57-8VpoBkjxiuq8BBG0zUauqUG2J1e5oC3Gq12wLwDUkUtxSaGqjiyVWwvHGECayEnyoiAyV8O6823wk9ES2i7EWq8wgFV8dEox61kwkpEkwTwlod40wUb87e0zo&__hblp=089o5i3SUoBh4Z4xB1NV8g9bQfhcRSzhtii8Qk3ByyGBbh19zOmBkB8r5i8-2qCai4N4ysRPPmHbCEYDiGiSh2ASBFQnjS8lQh9xPpJVWUN5xdmCTjhExplLGQkIwKcpWGQF7G_ThetlRKbjGiHHi8Fqw8-2DCKawHgjxm9wDxaq12DVUky89-5e7otyBCAQEKuE7WWG9yEG5UC4F8Kicxy4E721gCzo98uzFEy12DAwSxy4ojAG4VUSeG3O4pEkwTwlod42G1jAwIwoNHs90nUow&__sjsp=gaIp21xy8b2pwN2ch1pap3N2Q8o8A&__comet_req=17&__spin_r=1049558099&__spin_b=trunk&__spin_t=1791374574 → pending (?ms, ?B)
[2026-10-07T12:02:57.173Z] GET https://web.whatsapp.com/ajax/bootloader-endpoint/?modules=WAWebVoipStackInterfaceImpl&__user=0&__a=1&__req=4&__hs=20733.HYP%3Awhatsapp_comet_pkg.2.1...0&dpr=2&__ccg=UNKNOWN&__rev=1049558099&__s=jba163%3Akh98jz%3Aldpecq&__hsi=7693895210999679922&__dyn=7xe5WwlEnwn8K6EjBBwcm5U4e0C8dEc8co2qwJw5ux609vCwjE1EE2Cw8G11wBw5Zx62G3i0ha2l0Fw4Hw9O7U2czXwbu3C2u0NU5G0zEnwhE2Lw6OyES0gq0Lo6-1Fw4mwr9E37wgEbo5G2Be6o7u0_8460CE2zwv82Nwxwso2mwRy8fi0&__csr=g4_5in5gZMD6_3dfRq48lMxN4j4iNOl8QgONYncy8_BcGtWkBAjBlKlpRhRhZVteuRPi_pq8jQHHi8FHmOJ_BqBQmmpd4rWUGibxmJ2Gzo3_Cwzg0yuaxe6801EOQ0I80eu80al8owiNofo30g33wMAd4wvE4HpU9qwgQ8g2kggV40UE8oGcEzwNgoK0mFm8g2RBxmi&__hsdp=gaIp21xy8b2pwN3k6iJ3Nf8gS7Qe6QW2eYDx14ZFSBv4R8pRqZ0WgG9y8CeL8mYyjzHhQRwGza9h3HF5JIxBWBgTAUgJBxiHiy8gG9wCCGEGehojiip5ADy5ByV9id1Dx57-8VpoBkjxiuq8BBG0zUauqUG2J1e5oC3Gq12wLwDUkUtxSaGqjiyVWwvHGECayEnyoiAyV8O6823wk9ES2i7EWq8wgFV8dEox61kwkpEkwTwlod40wUb87e0zo&__hblp=089o5i3SUoBh4Z4xB1NV8g9bQfhcRSzhtii8Qk3ByyGBbh19zOmBkB8r5i8-2qCai4N4ysRPPmHbCEYDiGiSh2ASBFQnjS8lQh9xPpJVWUN5xdmCTjhExplLGQkIwKcpWGQF7G_ThetlRKbjGiHHi8Fqw8-2DCKawHgjxm9wDxaq12DVUky89-5e7otyBCAQEKuE7WWG9yEG5UC4F8Kicxy4E721gCzo98uzFEy12DAwSxy4ojAG4VUSeG3O4pEkwTwlod42G1jAwIwoNHs90nUow&__sjsp=gaIp21xy8b2pwN2ch1pap3N2Q8o8A&__comet_req=17&__spin_r=1049558099&__spin_b=trunk&__spin_t=1791374574 → pending (?ms, ?B)
[2026-10-07T12:02:57.174Z] GET https://static.whatsapp.net/rsrc.php/v4/y0/r/84JdB7FBKo5.js → pending (?ms, ?B)
[2026-10-07T12:02:57.174Z] GET https://static.whatsapp.net/rsrc.php/v4/y0/r/84JdB7FBKo5.js → pending (?ms, ?B)
[2026-10-07T12:02:57.174Z] GET https://static.whatsapp.net/rsrc.php/v4/yw/r/0uQzbBXnZHgMPJYCdPgb4Be4C_aoAygjrebqZ2dZ7C_2zvXzHQvQ00zI8tKqyiuziWEk87Mcrc3EgRjnSVGpAuebxDE3ZTVVgB8biWL4VgRlwLumSafWX700iCwamb14RsoK.js → pending (?ms, ?B)
[2026-10-07T12:02:57.174Z] GET https://static.whatsapp.net/rsrc.php/v4/yw/r/0uQzbBXnZHgMPJYCdPgb4Be4C_aoAygjrebqZ2dZ7C_2zvXzHQvQ00zI8tKqyiuziWEk87Mcrc3EgRjnSVGpAuebxDE3ZTVVgB8biWL4VgRlwLumSafWX700iCwamb14RsoK.js → pending (?ms, ?B)
[2026-10-07T12:02:57.224Z] GET https://static.whatsapp.net/rsrc.php/v4/yS/r/HhHwxyBtiC6W_KJf4vcaIFr5Qz2v74MOWE6nPSzL3omnQy0bAz9iwpdccAzoayLEyOeZ9sfU_7kG6vfL2oS-7Y0f0fCUH2OPmElxZ9y4avU_OCP17R_g10IG7Hyx40rgB4jZB2OMWkdLYkF9xV7NHn1OoFHYytoXuDZqrdewpjwhPAmPia2a7yCldK975ZyE2Pr-0W7BWfYELqP60Hcr430qlLKhVfPs6RikvM3rOwtP_HluOkfS9mHu-dK8CaRmEPMHPtinwMO8PSYNe19hC4sM8pHXEUsR2Y4TrSNU8By57olT7s-X.js → 200 (5ms, -2187B)
[2026-10-07T12:02:57.224Z] GET https://static.whatsapp.net/rsrc.php/v4/yS/r/HhHwxyBtiC6W_KJf4vcaIFr5Qz2v74MOWE6nPSzL3omnQy0bAz9iwpdccAzoayLEyOeZ9sfU_7kG6vfL2oS-7Y0f0fCUH2OPmElxZ9y4avU_OCP17R_g10IG7Hyx40rgB4jZB2OMWkdLYkF9xV7NHn1OoFHYytoXuDZqrdewpjwhPAmPia2a7yCldK975ZyE2Pr-0W7BWfYELqP60Hcr430qlLKhVfPs6RikvM3rOwtP_HluOkfS9mHu-dK8CaRmEPMHPtinwMO8PSYNe19hC4sM8pHXEUsR2Y4TrSNU8By57olT7s-X.js → 200 (5ms, -2187B)
[2026-10-07T12:02:57.747Z] GET https://web.whatsapp.com/status.json → 200 (150ms, 13B)
[2026-10-07T12:02:57.747Z] GET https://web.whatsapp.com/status.json → 200 (150ms, 13B)
[2026-10-07T12:02:57.769Z] GET https://static.whatsapp.net/rsrc.php/v4/y8/r/SgrXpkpJln_.js → 200 (3ms, -2181B)
[2026-10-07T12:02:57.770Z] GET https://static.whatsapp.net/rsrc.php/v4/y8/r/SgrXpkpJln_.js → 200 (2ms, -2181B)
[2026-10-07T12:02:57.770Z] GET https://web.whatsapp.com/ajax/bootloader-endpoint/?nb_modules=relay-runtime&__user=0&__a=1&__req=5&__hs=20733.HYP%3Awhatsapp_comet_pkg.2.1...0&dpr=2&__ccg=UNKNOWN&__rev=1049558099&__s=jba163%3Akh98jz%3Aldpecq&__hsi=7693895210999679922&__dyn=7xe5WwlEnwn8K6EjBBwcm5U4e0C8dEc8co2qwJw5ux609vCwjE1EE2Cw8G11wBw5Zx62G3i0ha2l0Fw4Hw9O7U2czXwbu3C2u0NU5G0zEnwhE2Lw6OyES0gq0Lo6-1Fw4mwr9E37wgEbo5G2Be6o7u0_8460CE2zwv82Nwxwso2mwRy8fi0&__csr=g4_5in5gZMD6_3dfRq48lMxN4j4iNOl8QgONYncy8_BcGtWkBAjBlKlpRhRhZVteuRPi_pq8jQHHi8FHmOJ_BqBQmmpd4rWUGibxmJ2Gzo3_Cwzg0yuaxe6801EOQ0I80eu80al8owiNofo30g33wMAd4wvE4HpU9qwgQ8g2kggV40UE8oGcEzwNgoK0mFm8g2RBxmi&__hsdp=gaIp21xy8b2pwN3k6iJ3Nf8gRosgUrjE8XOu44jSDqlYjkxDlHQ3F2EC8yoWYxrO9eeJ7jm2GcEB4eKAmSO6nGl3ujx2Sm5aJa8x2EC2qqGyEV5xd99Amiu8mmbAB8Q6u4kvUzBBylhe59VEymmE2fwFVHyEaQ4UlyoeFE4a2-2vxjxS7oGFFdabDG1-KGyoGaxu9xaibAz8ow8e1gCzo98uzFEy12DAwSxy4o5i1hCxi3u1lwQg23wIwsU2dw&__hblp=089o5i3SUoBh4Z4xB1NV8g9bQfhcRSzhtii8Qk3ByyGBbh19zOmBkB8r5i8-2qCai4N4ysRPPmHbCEYDiGiSh2ASBFQnjS8lQh9xPpJVWUN5xdmCTjhExplLGQkIwKcpWGQF7G_ThetlRKbjGiHHi8Fqw8-2DCKawHgjxm9wDxaq12DVUky89-5e7otyBCAQEKuE7WWG9yEG5UC4F8Kicxy4E721gCzo98uzFEy12DAwSxy4ojAG4VUSeG3O4pEkwTwlod42G1jAwIwoNHs90nUow&__sjsp=gaIp21xy8b2pwN2ch1pap3N2Q8rUsg&__comet_req=17&__spin_r=1049558099&__spin_b=trunk&__spin_t=1791374574 → 200 (264ms, 234B)
[2026-10-07T12:02:57.770Z] GET https://web.whatsapp.com/ajax/bootloader-endpoint/?nb_modules=relay-runtime&__user=0&__a=1&__req=5&__hs=20733.HYP%3Awhatsapp_comet_pkg.2.1...0&dpr=2&__ccg=UNKNOWN&__rev=1049558099&__s=jba163%3Akh98jz%3Aldpecq&__hsi=7693895210999679922&__dyn=7xe5WwlEnwn8K6EjBBwcm5U4e0C8dEc8co2qwJw5ux609vCwjE1EE2Cw8G11wBw5Zx62G3i0ha2l0Fw4Hw9O7U2czXwbu3C2u0NU5G0zEnwhE2Lw6OyES0gq0Lo6-1Fw4mwr9E37wgEbo5G2Be6o7u0_8460CE2zwv82Nwxwso2mwRy8fi0&__csr=g4_5in5gZMD6_3dfRq48lMxN4j4iNOl8QgONYncy8_BcGtWkBAjBlKlpRhRhZVteuRPi_pq8jQHHi8FHmOJ_BqBQmmpd4rWUGibxmJ2Gzo3_Cwzg0yuaxe6801EOQ0I80eu80al8owiNofo30g33wMAd4wvE4HpU9qwgQ8g2kggV40UE8oGcEzwNgoK0mFm8g2RBxmi&__hsdp=gaIp21xy8b2pwN3k6iJ3Nf8gRosgUrjE8XOu44jSDqlYjkxDlHQ3F2EC8yoWYxrO9eeJ7jm2GcEB4eKAmSO6nGl3ujx2Sm5aJa8x2EC2qqGyEV5xd99Amiu8mmbAB8Q6u4kvUzBBylhe59VEymmE2fwFVHyEaQ4UlyoeFE4a2-2vxjxS7oGFFdabDG1-KGyoGaxu9xaibAz8ow8e1gCzo98uzFEy12DAwSxy4o5i1hCxi3u1lwQg23wIwsU2dw&__hblp=089o5i3SUoBh4Z4xB1NV8g9bQfhcRSzhtii8Qk3ByyGBbh19zOmBkB8r5i8-2qCai4N4ysRPPmHbCEYDiGiSh2ASBFQnjS8lQh9xPpJVWUN5xdmCTjhExplLGQkIwKcpWGQF7G_ThetlRKbjGiHHi8Fqw8-2DCKawHgjxm9wDxaq12DVUky89-5e7otyBCAQEKuE7WWG9yEG5UC4F8Kicxy4E721gCzo98uzFEy12DAwSxy4ojAG4VUSeG3O4pEkwTwlod42G1jAwIwoNHs90nUow&__sjsp=gaIp21xy8b2pwN2ch1pap3N2Q8rUsg&__comet_req=17&__spin_r=1049558099&__spin_b=trunk&__spin_t=1791374574 → 200 (264ms, 234B)
[2026-10-07T12:02:57.777Z] POST https://web.whatsapp.com/graphql/ → 200 (263ms, 332B)
[2026-10-07T12:02:57.777Z] POST https://web.whatsapp.com/graphql/ → 200 (263ms, 332B)
[2026-10-07T12:02:58.812Z] POST https://web.whatsapp.com/ajax/bz?__a=1&__ccg=UNKNOWN&__comet_req=17&__hs=20733.HYP%3Awhatsapp_comet_pkg.2.1...0&__hsi=7693895210999679922&__req=7&__rev=1049558099&__s=jba163%3Akh98jz%3Aldpecq&__spin_b=trunk&__spin_r=1049558099&__spin_t=1791374574&__user=0&dpr=2&jazoest=21734&lsd=AdNJogQ4i6vM94ESP-T2lX&ph=C3 → pending (?ms, ?B)
[2026-10-07T12:02:58.812Z] POST https://web.whatsapp.com/ajax/bz?__a=1&__ccg=UNKNOWN&__comet_req=17&__hs=20733.HYP%3Awhatsapp_comet_pkg.2.1...0&__hsi=7693895210999679922&__req=7&__rev=1049558099&__s=jba163%3Akh98jz%3Aldpecq&__spin_b=trunk&__spin_r=1049558099&__spin_t=1791374574&__user=0&dpr=2&jazoest=21734&lsd=AdNJogQ4i6vM94ESP-T2lX&ph=C3 → pending (?ms, ?B)
[2026-10-07T12:02:59.761Z] GET https://static.whatsapp.net/rsrc.php/v4/y9/r/rDAD1TypVzl.js → 200 (247ms, -2181B)
[2026-10-07T12:02:59.761Z] GET https://static.whatsapp.net/rsrc.php/v4/y9/r/rDAD1TypVzl.js → 200 (247ms, -2181B)
[2026-10-07T12:02:59.763Z] GET https://static.whatsapp.net/rsrc.php/v4i7vJ4/y8/l/en_GB-j/tTiQxULBCEF.js → 200 (255ms, -2181B)
[2026-10-07T12:02:59.763Z] GET https://static.whatsapp.net/rsrc.php/v4i7vJ4/y8/l/en_GB-j/tTiQxULBCEF.js → 200 (255ms, -2181B)
[2026-10-07T12:02:59.907Z] GET https://media-cpt1-1.cdn.whatsapp.net/v/t61.24694-24/660653060_955524317059056_7838995812841857852_n.jpg?stp=dst-jpg_s96x96_tt6&ccb=11-4&oh=01_Q5Aa5gGtY2HTSdurbhofeTm3V4FlUgoK5BB9BHY8QARHsVR3YQ&oe=6ACB1185&_nc_sid=5e03e0&_nc_cat=107 → 200 (36ms, -688B)
[2026-10-07T12:02:59.907Z] GET https://media-cpt1-1.cdn.whatsapp.net/v/t61.24694-24/660653060_955524317059056_7838995812841857852_n.jpg?stp=dst-jpg_s96x96_tt6&ccb=11-4&oh=01_Q5Aa5gGtY2HTSdurbhofeTm3V4FlUgoK5BB9BHY8QARHsVR3YQ&oe=6ACB1185&_nc_sid=5e03e0&_nc_cat=107 → 200 (36ms, -688B)
[2026-10-07T12:02:59.907Z] GET https://static.whatsapp.net/rsrc.php/yS/r/T_xj3a3ApC9.webp → 200 (37ms, -2130B)
[2026-10-07T12:02:59.907Z] GET https://static.whatsapp.net/rsrc.php/yS/r/T_xj3a3ApC9.webp → 200 (37ms, -2130B)
[2026-10-07T12:02:59.907Z] GET https://media-cpt1-1.cdn.whatsapp.net/v/t61.24694-24/473397878_607409235644848_16511933876072769_n.jpg?stp=dst-jpg_s96x96_tt6&ccb=11-4&oh=01_Q5Aa5wF2N_zEkTeZujWexsFtD4lje1oUNbIb-lPLDVKHSXK9vw&oe=6ACD4C3D&_nc_sid=5e03e0&_nc_cat=111 → 200 (48ms, -812B)
[2026-10-07T12:02:59.907Z] GET https://media-cpt1-1.cdn.whatsapp.net/v/t61.24694-24/473397878_607409235644848_16511933876072769_n.jpg?stp=dst-jpg_s96x96_tt6&ccb=11-4&oh=01_Q5Aa5wF2N_zEkTeZujWexsFtD4lje1oUNbIb-lPLDVKHSXK9vw&oe=6ACD4C3D&_nc_sid=5e03e0&_nc_cat=111 → 200 (48ms, -812B)
[2026-10-07T12:02:59.907Z] GET https://media-cpt1-1.cdn.whatsapp.net/v/t61.24694-24/764035728_1720839182560885_1372280545545728251_n.jpg?stp=dst-jpg_s96x96_tt6&ccb=11-4&oh=01_Q5Aa5wG6AfNfpYhQ3jLf97XB_6zc1feD8Hv_3tVttCC8Ffg81A&oe=6AD07C1C&_nc_sid=5e03e0&_nc_cat=102 → 200 (37ms, -795B)
[2026-10-07T12:02:59.907Z] GET https://media-cpt1-1.cdn.whatsapp.net/v/t61.24694-24/764035728_1720839182560885_1372280545545728251_n.jpg?stp=dst-jpg_s96x96_tt6&ccb=11-4&oh=01_Q5Aa5wG6AfNfpYhQ3jLf97XB_6zc1feD8Hv_3tVttCC8Ffg81A&oe=6AD07C1C&_nc_sid=5e03e0&_nc_cat=102 → 200 (37ms, -795B)
[2026-10-07T12:02:59.907Z] GET https://media-cpt1-1.cdn.whatsapp.net/v/t61.24694-24/585276797_1757607038957206_3065657792303866210_n.jpg?stp=dst-jpg_s96x96_tt6&ccb=11-4&oh=01_Q5Aa5gHspgUDR0j9lAz1JLvdnj8GOzxo1E-3v3QWwH5x0qsLkQ&oe=6ACB0A19&_nc_sid=5e03e0&_nc_cat=101 → 200 (38ms, -814B)
[2026-10-07T12:02:59.907Z] GET https://media-cpt1-1.cdn.whatsapp.net/v/t61.24694-24/585276797_1757607038957206_3065657792303866210_n.jpg?stp=dst-jpg_s96x96_tt6&ccb=11-4&oh=01_Q5Aa5gHspgUDR0j9lAz1JLvdnj8GOzxo1E-3v3QWwH5x0qsLkQ&oe=6ACB0A19&_nc_sid=5e03e0&_nc_cat=101 → 200 (38ms, -814B)
[2026-10-07T12:02:59.907Z] GET https://media-cpt1-1.cdn.whatsapp.net/v/t61.24694-24/819130003_2804843209909318_5268506321546753116_n.jpg?stp=dst-jpg_s96x96_tt6&ccb=11-4&oh=01_Q5Aa5gFhZtgkHweb_pDt-mhhuxnz_KOmuj9LR65zxcl8TUb04A&oe=6ACB1E80&_nc_sid=5e03e0&_nc_cat=100 → 200 (37ms, -813B)
[2026-10-07T12:02:59.907Z] GET https://media-cpt1-1.cdn.whatsapp.net/v/t61.24694-24/819130003_2804843209909318_5268506321546753116_n.jpg?stp=dst-jpg_s96x96_tt6&ccb=11-4&oh=01_Q5Aa5gFhZtgkHweb_pDt-mhhuxnz_KOmuj9LR65zxcl8TUb04A&oe=6ACB1E80&_nc_sid=5e03e0&_nc_cat=100 → 200 (37ms, -813B)
[2026-10-07T12:02:59.907Z] GET https://media-cpt1-1.cdn.whatsapp.net/v/t61.24694-24/759279839_2909524742729867_1778168364591036797_n.jpg?stp=dst-jpg_s96x96_tt6&ccb=11-4&oh=01_Q5Aa5gGAUyXh8VdzKJ3_rPtjkIoeNZACz5Yw9EYygAAiMBWY8g&oe=6ACB2D49&_nc_sid=5e03e0&_nc_cat=101 → 200 (48ms, -687B)
[2026-10-07T12:02:59.907Z] GET https://media-cpt1-1.cdn.whatsapp.net/v/t61.24694-24/759279839_2909524742729867_1778168364591036797_n.jpg?stp=dst-jpg_s96x96_tt6&ccb=11-4&oh=01_Q5Aa5gGAUyXh8VdzKJ3_rPtjkIoeNZACz5Yw9EYygAAiMBWY8g&oe=6ACB2D49&_nc_sid=5e03e0&_nc_cat=101 → 200 (48ms, -687B)
[2026-10-07T12:02:59.907Z] GET https://media-cpt1-1.cdn.whatsapp.net/v/t61.24694-24/585410321_1299078502264502_8230537708091491354_n.jpg?stp=dst-jpg_s96x96_tt6&ccb=11-4&oh=01_Q5Aa5gFPz6VC3Adg1waVSkv5VZOO-3HzprTZhd5uvEYWZvJyYQ&oe=6ACB1844&_nc_sid=5e03e0&_nc_cat=109 → 200 (39ms, -796B)
[2026-10-07T12:02:59.907Z] GET https://media-cpt1-1.cdn.whatsapp.net/v/t61.24694-24/585410321_1299078502264502_8230537708091491354_n.jpg?stp=dst-jpg_s96x96_tt6&ccb=11-4&oh=01_Q5Aa5gFPz6VC3Adg1waVSkv5VZOO-3HzprTZhd5uvEYWZvJyYQ&oe=6ACB1844&_nc_sid=5e03e0&_nc_cat=109 → 200 (39ms, -796B)
[2026-10-07T12:02:59.907Z] GET https://media-cpt1-1.cdn.whatsapp.net/v/t61.24694-24/491844263_1487983175984076_6988281575874932975_n.jpg?stp=dst-jpg_s96x96_tt6&ccb=11-4&oh=01_Q5Aa5wHzSoj2BNV5-sQlXD5wo6nF7KOnMLjNM52Df8VXoaCwFw&oe=6AD094A7&_nc_sid=5e03e0&_nc_cat=107 → 200 (48ms, -840B)
[2026-10-07T12:02:59.907Z] GET https://media-cpt1-1.cdn.whatsapp.net/v/t61.24694-24/491844263_1487983175984076_6988281575874932975_n.jpg?stp=dst-jpg_s96x96_tt6&ccb=11-4&oh=01_Q5Aa5wHzSoj2BNV5-sQlXD5wo6nF7KOnMLjNM52Df8VXoaCwFw&oe=6AD094A7&_nc_sid=5e03e0&_nc_cat=107 → 200 (48ms, -840B)
[2026-10-07T12:02:59.907Z] GET https://media-cpt1-1.cdn.whatsapp.net/v/t61.24694-24/490582116_1068030858585900_5339246813503271641_n.jpg?stp=dst-jpg_s96x96_tt6&ccb=11-4&oh=01_Q5Aa5gHVtYq9Am8jTR1JGEjdmS28EsrCthxkPifipvKwm0rxnw&oe=6ACB104E&_nc_sid=5e03e0&_nc_cat=103 → 200 (76ms, -815B)
[2026-10-07T12:02:59.907Z] GET https://media-cpt1-1.cdn.whatsapp.net/v/t61.24694-24/490582116_1068030858585900_5339246813503271641_n.jpg?stp=dst-jpg_s96x96_tt6&ccb=11-4&oh=01_Q5Aa5gHVtYq9Am8jTR1JGEjdmS28EsrCthxkPifipvKwm0rxnw&oe=6ACB104E&_nc_sid=5e03e0&_nc_cat=103 → 200 (76ms, -815B)
[2026-10-07T12:02:59.907Z] GET https://media-cpt1-1.cdn.whatsapp.net/v/t61.24694-24/552491893_1326201572518012_1098334074504791794_n.jpg?stp=dst-jpg_s96x96_tt6&ccb=11-4&oh=01_Q5Aa5gG5VWY6P-JuTUCCBfgp_O_7lZ6QBnbpCbmXpeS9hb2JVg&oe=6ACB061B&_nc_sid=5e03e0&_nc_cat=110 → 200 (77ms, -813B)
[2026-10-07T12:02:59.907Z] GET https://media-cpt1-1.cdn.whatsapp.net/v/t61.24694-24/552491893_1326201572518012_1098334074504791794_n.jpg?stp=dst-jpg_s96x96_tt6&ccb=11-4&oh=01_Q5Aa5gG5VWY6P-JuTUCCBfgp_O_7lZ6QBnbpCbmXpeS9hb2JVg&oe=6ACB061B&_nc_sid=5e03e0&_nc_cat=110 → 200 (77ms, -813B)
[2026-10-07T12:02:59.907Z] GET https://media-cpt1-1.cdn.whatsapp.net/v/t61.24694-24/418083025_232634816577812_7958330619142332869_n.jpg?stp=dst-jpg_s96x96_tt6&ccb=11-4&oh=01_Q5Aa5gF41QlW3FryhSRFy2tplqk87GO5AgOPgi4tjH3QaulEQQ&oe=6ACB2F45&_nc_sid=5e03e0&_nc_cat=100 → 200 (88ms, -687B)
[2026-10-07T12:02:59.907Z] GET https://media-cpt1-1.cdn.whatsapp.net/v/t61.24694-24/418083025_232634816577812_7958330619142332869_n.jpg?stp=dst-jpg_s96x96_tt6&ccb=11-4&oh=01_Q5Aa5gF41QlW3FryhSRFy2tplqk87GO5AgOPgi4tjH3QaulEQQ&oe=6ACB2F45&_nc_sid=5e03e0&_nc_cat=100 → 200 (88ms, -687B)
[2026-10-07T12:02:59.907Z] GET https://media-cpt1-1.cdn.whatsapp.net/v/t61.24694-24/162781556_493998438547369_7130423964551906539_n.jpg?stp=dst-jpg_s96x96_tt6&ccb=11-4&oh=01_Q5Aa5gEptYBFWMq8Eicg2SJvRDl2Drx_2KuJTbJnJLMjTz2eBA&oe=6ACB0D22&_nc_sid=5e03e0&_nc_cat=101 → 200 (89ms, -687B)
[2026-10-07T12:02:59.907Z] GET https://media-cpt1-1.cdn.whatsapp.net/v/t61.24694-24/162781556_493998438547369_7130423964551906539_n.jpg?stp=dst-jpg_s96x96_tt6&ccb=11-4&oh=01_Q5Aa5gEptYBFWMq8Eicg2SJvRDl2Drx_2KuJTbJnJLMjTz2eBA&oe=6ACB0D22&_nc_sid=5e03e0&_nc_cat=101 → 200 (89ms, -687B)
[2026-10-07T12:02:59.907Z] GET https://media-cpt1-1.cdn.whatsapp.net/v/t61.24694-24/834178774_1651189159779956_5756770065050220717_n.jpg?stp=dst-jpg_s96x96_tt6&ccb=11-4&oh=01_Q5Aa5wHgQ3PQhtucCiwu8OpGTN-p9AHt10uA-sXe0hmkUZJiIA&oe=6AD06DF1&_nc_sid=5e03e0&_nc_cat=109 → 200 (89ms, -794B)
[2026-10-07T12:02:59.907Z] GET https://media-cpt1-1.cdn.whatsapp.net/v/t61.24694-24/834178774_1651189159779956_5756770065050220717_n.jpg?stp=dst-jpg_s96x96_tt6&ccb=11-4&oh=01_Q5Aa5wHgQ3PQhtucCiwu8OpGTN-p9AHt10uA-sXe0hmkUZJiIA&oe=6AD06DF1&_nc_sid=5e03e0&_nc_cat=109 → 200 (89ms, -794B)
[2026-10-07T12:02:59.907Z] GET https://media-cpt1-1.cdn.whatsapp.net/v/t61.24694-24/534424347_2278689649651814_3057015258403768785_n.jpg?stp=dst-jpg_s96x96_tt6&ccb=11-4&oh=01_Q5Aa5gEQkZ2RchP5NCXLyxUsRLux4quohw_VoaR2kd53M1xqlw&oe=6ACCE62E&_nc_sid=5e03e0&_nc_cat=110 → 200 (92ms, -796B)
[2026-10-07T12:02:59.907Z] GET https://media-cpt1-1.cdn.whatsapp.net/v/t61.24694-24/534424347_2278689649651814_3057015258403768785_n.jpg?stp=dst-jpg_s96x96_tt6&ccb=11-4&oh=01_Q5Aa5gEQkZ2RchP5NCXLyxUsRLux4quohw_VoaR2kd53M1xqlw&oe=6ACCE62E&_nc_sid=5e03e0&_nc_cat=110 → 200 (92ms, -796B)
[2026-10-07T12:02:59.907Z] GET https://media-cpt1-1.cdn.whatsapp.net/v/t61.24694-24/646991703_2760933950911205_2183475305222632828_n.jpg?stp=dst-jpg_s96x96_tt6&ccb=11-4&oh=01_Q5Aa5gFXwdHBX4ZyJN4PCfvrBDYhGV0m1M0pZgwJJ4hjojBxoQ&oe=6ACB184D&_nc_sid=5e03e0&_nc_cat=107 → 200 (93ms, -685B)
[2026-10-07T12:02:59.907Z] GET https://media-cpt1-1.cdn.whatsapp.net/v/t61.24694-24/646991703_2760933950911205_2183475305222632828_n.jpg?stp=dst-jpg_s96x96_tt6&ccb=11-4&oh=01_Q5Aa5gFXwdHBX4ZyJN4PCfvrBDYhGV0m1M0pZgwJJ4hjojBxoQ&oe=6ACB184D&_nc_sid=5e03e0&_nc_cat=107 → 200 (93ms, -685B)
[2026-10-07T12:02:59.907Z] GET https://media-cpt1-1.cdn.whatsapp.net/v/t61.24694-24/648235457_876993415332461_8946726923634268924_n.jpg?stp=dst-jpg_s96x96_tt6&ccb=11-4&oh=01_Q5Aa5wG5DKOuKebpfXQmMwKlTY2bFqLXyz84ZwHealjg5TdxHw&oe=6AD09CB3&_nc_sid=5e03e0&_nc_cat=100 → 200 (95ms, -795B)
[2026-10-07T12:02:59.907Z] GET https://media-cpt1-1.cdn.whatsapp.net/v/t61.24694-24/648235457_876993415332461_8946726923634268924_n.jpg?stp=dst-jpg_s96x96_tt6&ccb=11-4&oh=01_Q5Aa5wG5DKOuKebpfXQmMwKlTY2bFqLXyz84ZwHealjg5TdxHw&oe=6AD09CB3&_nc_sid=5e03e0&_nc_cat=100 → 200 (95ms, -795B)
[2026-10-07T12:02:59.907Z] GET https://media-cpt1-1.cdn.whatsapp.net/v/t61.24694-24/743467226_1563212798483660_7587907310549181848_n.jpg?stp=dst-jpg_s96x96_tt6&ccb=11-4&oh=01_Q5Aa5gE9I6rsx_t3nyjFglmctOUagzTk4q__5DUPgPiYomm8LA&oe=6ACB1EED&_nc_sid=5e03e0&_nc_cat=109 → 200 (97ms, -796B)
[2026-10-07T12:02:59.907Z] GET https://media-cpt1-1.cdn.whatsapp.net/v/t61.24694-24/743467226_1563212798483660_7587907310549181848_n.jpg?stp=dst-jpg_s96x96_tt6&ccb=11-4&oh=01_Q5Aa5gE9I6rsx_t3nyjFglmctOUagzTk4q__5DUPgPiYomm8LA&oe=6ACB1EED&_nc_sid=5e03e0&_nc_cat=109 → 200 (97ms, -796B)
[2026-10-07T12:02:59.907Z] GET https://media-cpt1-1.cdn.whatsapp.net/v/t61.24694-24/588757298_1452458453474158_7092093429391241992_n.jpg?stp=dst-jpg_s96x96_tt6&ccb=11-4&oh=01_Q5Aa5wFillN3TgYuJN1PV1yKW5pABOJPIv85Yyn4H1W52vwtcA&oe=6AD3525B&_nc_sid=5e03e0&_nc_cat=105 → 200 (97ms, -810B)
[2026-10-07T12:02:59.907Z] GET https://media-cpt1-1.cdn.whatsapp.net/v/t61.24694-24/588757298_1452458453474158_7092093429391241992_n.jpg?stp=dst-jpg_s96x96_tt6&ccb=11-4&oh=01_Q5Aa5wFillN3TgYuJN1PV1yKW5pABOJPIv85Yyn4H1W52vwtcA&oe=6AD3525B&_nc_sid=5e03e0&_nc_cat=105 → 200 (97ms, -810B)
[2026-10-07T12:02:59.907Z] GET https://web.whatsapp.com/favicon/2x/f05/v4/ → 200 (115ms, -4774B)
[2026-10-07T12:02:59.907Z] GET https://web.whatsapp.com/favicon/2x/f05/v4/ → 200 (115ms, -4774B)
[2026-10-07T12:02:59.907Z] GET https://web.whatsapp.com/emoji/v1/16/0/2/sprite/a/64/138.webp → 200 (116ms, -4819B)
[2026-10-07T12:02:59.907Z] GET https://web.whatsapp.com/emoji/v1/16/0/2/sprite/a/64/138.webp → 200 (116ms, -4819B)
[2026-10-07T12:02:59.908Z] GET https://web.whatsapp.com/emoji/v1/16/0/2/sprite/a/64/77.webp → 200 (116ms, -4840B)
[2026-10-07T12:02:59.908Z] GET https://web.whatsapp.com/emoji/v1/16/0/2/sprite/a/64/77.webp → 200 (116ms, -4840B)
[2026-10-07T12:02:59.908Z] GET https://web.whatsapp.com/emoji/v1/16/0/2/sprite/a/64/86.webp → 200 (115ms, -4815B)
[2026-10-07T12:02:59.908Z] GET https://web.whatsapp.com/emoji/v1/16/0/2/sprite/a/64/86.webp → 200 (115ms, -4815B)
[2026-10-07T12:02:59.908Z] GET https://web.whatsapp.com/emoji/v1/16/0/2/sprite/a/64/85.webp → 200 (115ms, -4900B)
[2026-10-07T12:02:59.908Z] GET https://web.whatsapp.com/emoji/v1/16/0/2/sprite/a/64/85.webp → 200 (115ms, -4900B)
[2026-10-07T12:03:00.007Z] GET https://web.whatsapp.com/ajax/bootloader-endpoint/?nb_modules=WAWebToastManagerImpl%2CWAWebCallsNavBarItem.react&__user=0&__a=1&__req=8&__hs=20733.HYP%3Awhatsapp_comet_pkg.2.1...0&dpr=2&__ccg=UNKNOWN&__rev=1049558099&__s=jba163%3Akh98jz%3Aldpecq&__hsi=7693895210999679922&__dyn=7xe5WwlEnwn8K6EjBBwcm5U4e0C8dEc8co2qwJw5ux609vCwjE1EE2Cw8G11wBw5Zx62G3i0ha2l0Fw4Hw9O7U2czXwbu3C2u0NU5G0zEnwhE2Lw6OyES0gq0Lo6-1Fw4mwr9E37wgEbo5G2Be6o7u0_8460CE2zwv82Nwxwso2mwRy8fi0&__csr=g4_5in5gZMD6_3dfRq48lMxN4j4iNOl8QgONYncy8_BcGtWkBAjBlKlpRhRhZVteuRPi_pq8jQHHi8FHmOJ_BqBQmmpd4rWUGibxmJ2Gzo3_Cwzg0yuaxe6801EOQ0I80eu80al8owiNofo30g33wMAd4wvE4HpU9qwgQ8g2kggV40UE8oGcEzwNgoK0mFm8g2RBxmi&__hsdp=gaIp21xy8b2pwN3k6iJ3Nf8gRosgUrjE8XOu44jSDqlYjkxDlHQ3F2EC8yoWYxrO9eeJ7jm2GcEB4eKAmSO6nGl3ujx2Sm5aJa8x2EC2qqGyEV5xd99Amiu8mmbAB8Q6u4kvUzBBylhe59VEymmE2fwFVHyEaQ4UlyoeFE4a2-2vxjxS7oGFFdabDG1-KGyoGaxu9xaibAz8ow8e1gCzo98uzFEy12DAwSxy4o5i1hCxi3u1lwQg23wIwsU2dw&__hblp=089o5i3SUoBh4Z4xB1NV8g9bQfhcRSzhtii8Qk3ByyGBbh19zOmBkB8r5i8-2qCai4N4ysRPPmHbCEYDiGiSh2ASBFQnjS8lQh9xPpJVWUN5xdmCTjhExplLGQkIwKcpWGQF7G_ThetlRKbjGiHHi8Fqw8-2DCKawHgjxm9wDxaq12DVUky89-5e7otyBCAQEKuE7WWG9yEG5UC4F8Kicxy4E721gCzo98uzFEy12DAwSxy4ojAG4VUSeG3O4pEkwTwlod42G1jAwIwoNHs90nUow&__sjsp=gaIp21xy8b2pwN2ch1pap3N2Q8rUsg&__comet_req=17&__spin_r=1049558099&__spin_b=trunk&__spin_t=1791374574 → pending (?ms, ?B)
[2026-10-07T12:03:00.007Z] GET https://web.whatsapp.com/ajax/bootloader-endpoint/?nb_modules=WAWebToastManagerImpl%2CWAWebCallsNavBarItem.react&__user=0&__a=1&__req=8&__hs=20733.HYP%3Awhatsapp_comet_pkg.2.1...0&dpr=2&__ccg=UNKNOWN&__rev=1049558099&__s=jba163%3Akh98jz%3Aldpecq&__hsi=7693895210999679922&__dyn=7xe5WwlEnwn8K6EjBBwcm5U4e0C8dEc8co2qwJw5ux609vCwjE1EE2Cw8G11wBw5Zx62G3i0ha2l0Fw4Hw9O7U2czXwbu3C2u0NU5G0zEnwhE2Lw6OyES0gq0Lo6-1Fw4mwr9E37wgEbo5G2Be6o7u0_8460CE2zwv82Nwxwso2mwRy8fi0&__csr=g4_5in5gZMD6_3dfRq48lMxN4j4iNOl8QgONYncy8_BcGtWkBAjBlKlpRhRhZVteuRPi_pq8jQHHi8FHmOJ_BqBQmmpd4rWUGibxmJ2Gzo3_Cwzg0yuaxe6801EOQ0I80eu80al8owiNofo30g33wMAd4wvE4HpU9qwgQ8g2kggV40UE8oGcEzwNgoK0mFm8g2RBxmi&__hsdp=gaIp21xy8b2pwN3k6iJ3Nf8gRosgUrjE8XOu44jSDqlYjkxDlHQ3F2EC8yoWYxrO9eeJ7jm2GcEB4eKAmSO6nGl3ujx2Sm5aJa8x2EC2qqGyEV5xd99Amiu8mmbAB8Q6u4kvUzBBylhe59VEymmE2fwFVHyEaQ4UlyoeFE4a2-2vxjxS7oGFFdabDG1-KGyoGaxu9xaibAz8ow8e1gCzo98uzFEy12DAwSxy4o5i1hCxi3u1lwQg23wIwsU2dw&__hblp=089o5i3SUoBh4Z4xB1NV8g9bQfhcRSzhtii8Qk3ByyGBbh19zOmBkB8r5i8-2qCai4N4ysRPPmHbCEYDiGiSh2ASBFQnjS8lQh9xPpJVWUN5xdmCTjhExplLGQkIwKcpWGQF7G_ThetlRKbjGiHHi8Fqw8-2DCKawHgjxm9wDxaq12DVUky89-5e7otyBCAQEKuE7WWG9yEG5UC4F8Kicxy4E721gCzo98uzFEy12DAwSxy4ojAG4VUSeG3O4pEkwTwlod42G1jAwIwoNHs90nUow&__sjsp=gaIp21xy8b2pwN2ch1pap3N2Q8rUsg&__comet_req=17&__spin_r=1049558099&__spin_b=trunk&__spin_t=1791374574 → pending (?ms, ?B)
[2026-10-07T12:03:00.024Z] GET https://web.whatsapp.com/emoji/v1/16/0/2/sprite/a/64/138.webp → 200 (?ms, -4819B)
[2026-10-07T12:03:00.024Z] GET https://web.whatsapp.com/emoji/v1/16/0/2/sprite/a/64/138.webp → 200 (?ms, -4819B)
[2026-10-07T12:03:00.024Z] GET https://web.whatsapp.com/emoji/v1/16/0/2/sprite/a/64/77.webp → 200 (?ms, -4840B)
[2026-10-07T12:03:00.024Z] GET https://web.whatsapp.com/emoji/v1/16/0/2/sprite/a/64/77.webp → 200 (?ms, -4840B)
[2026-10-07T12:03:00.024Z] GET https://web.whatsapp.com/emoji/v1/16/0/2/sprite/a/64/86.webp → 200 (?ms, -4815B)
[2026-10-07T12:03:00.024Z] GET https://web.whatsapp.com/emoji/v1/16/0/2/sprite/a/64/86.webp → 200 (?ms, -4815B)
[2026-10-07T12:03:00.024Z] GET https://web.whatsapp.com/emoji/v1/16/0/2/sprite/a/64/85.webp → 200 (1ms, -4900B)
[2026-10-07T12:03:00.024Z] GET https://web.whatsapp.com/emoji/v1/16/0/2/sprite/a/64/85.webp → 200 (1ms, -4900B)
[2026-10-07T12:03:00.026Z] GET https://web.whatsapp.com/favicon/2x/f05/v4/ → 200 (?ms, -4774B)
[2026-10-07T12:03:00.026Z] GET https://web.whatsapp.com/favicon/2x/f05/v4/ → 200 (?ms, -4774B)
[2026-10-07T12:03:00.207Z] GET https://media-cpt1-1.cdn.whatsapp.net/v/t61.24694-24/505230880_713175408248339_721252923330454360_n.jpg?stp=dst-jpg_s96x96_tt6&ccb=11-4&oh=01_Q5Aa5wFuOI8Lk3GICEHZRyTvJmSh82lKRCbH_uUZH7979imnxA&oe=6AD340B2&_nc_sid=5e03e0&_nc_cat=105 → 200 (223ms, -796B)
[2026-10-07T12:03:00.207Z] GET https://media-cpt1-1.cdn.whatsapp.net/v/t61.24694-24/505230880_713175408248339_721252923330454360_n.jpg?stp=dst-jpg_s96x96_tt6&ccb=11-4&oh=01_Q5Aa5wFuOI8Lk3GICEHZRyTvJmSh82lKRCbH_uUZH7979imnxA&oe=6AD340B2&_nc_sid=5e03e0&_nc_cat=105 → 200 (223ms, -796B)
[2026-10-07T12:03:00.749Z] GET https://static.whatsapp.net/rsrc.php/v4i_HG4/yl/l/en_GB-j/ikYMVADfZkH.js → 200 (10ms, -2186B)
[2026-10-07T12:03:00.749Z] GET https://static.whatsapp.net/rsrc.php/v4i_HG4/yl/l/en_GB-j/ikYMVADfZkH.js → 200 (10ms, -2186B)
[2026-10-07T12:03:00.750Z] GET https://static.whatsapp.net/rsrc.php/yx/r/voSdkk88H7C.svg → 200 (7ms, -2149B)
[2026-10-07T12:03:00.750Z] GET https://static.whatsapp.net/rsrc.php/yx/r/voSdkk88H7C.svg → 200 (7ms, -2149B)
[2026-10-07T12:03:00.758Z] GET https://web.whatsapp.com/ajax/bootloader-endpoint/?nb_modules=WAWebComposeBoxWWAIWrapper.react&__user=0&__a=1&__req=9&__hs=20733.HYP%3Awhatsapp_comet_pkg.2.1...0&dpr=2&__ccg=UNKNOWN&__rev=1049558099&__s=jba163%3Akh98jz%3Aldpecq&__hsi=7693895210999679922&__dyn=7xe5WwlEnwn8K6EjBBwcm5U4e0C8dEc8co2qwJw5ux609vCwjE1EE2Cw8G11wBw5Zx62G3i0ha2l0Fw4Hw9O7U2czXwbu3C2u0NU5G0zEnwhE2Lw6OyES0gq0Lo6-1Fw4mwr9E37wgEbo5G2Be6o7u0_8460CE2zwv82Nwxwso2mwRy8fi0&__csr=g4_5in5gZMD6_3dfRq48lMxN4j4iNOl8QgONYncy8_BcGtWkBAjBlKlpRhRhZVteuRPi_pq8jQHHi8FHmOJ_BqBQmmpd4rWUGibxmJ2Gzo3_Cwzg0yuaxe6801EOQ0I80eu80al8owiNofo30g33wMAd4wvE4HpU9qwgQ8g2kggV40UE8oGcEzwNgoK0mFm8g2RBxmi&__hsdp=gaIp21xy8b2pwN3k6iJ3Nf8gRosgUrjE8XOu44jSDqlYjkxDlHQ3F2EC8yoWYxrO9eeJ7jm2GcEB4eKAmSO6nGl3ujx2Sm5aJa8x2EC2qqGyEV5xd99Amiu8mmbAB8Q6u4kvUzBBylhe59VEymmE2fwFVHyEaQ4UlyoeFE4a2-2vxjxS7oGFFdabDG1-KGyoGaxu9xaibAz8ow8e1gCzo98uzFEy12DAwSxy4o5i1hCxi3u1lwQg23wIwsU2dw&__hblp=089o5i3SUoBh4Z4xB1NV8g9bQfhcRSzhtii8Qk3ByyGBbh19zOmBkB8r5i8-2qCai4N4ysRPPmHbCEYDiGiSh2ASBFQnjS8lQh9xPpJVWUN5xdmCTjhExplLGQkIwKcpWGQF7G_ThetlRKbjGiHHi8Fqw8-2DCKawHgjxm9wDxaq12DVUky89-5e7otyBCAQEKuE7WWG9yEG5UC4F8Kicxy4E721gCzo98uzFEy12DAwSxy4ojAG4VUSeG3O4pEkwTwlod42G1jAwIwoNHs90nUow&__sjsp=gaIp21xy8b2pwN2ch1pap3N2Q8rUsg&__comet_req=17&__spin_r=1049558099&__spin_b=trunk&__spin_t=1791374574 → pending (?ms, ?B)
[2026-10-07T12:03:00.758Z] GET https://web.whatsapp.com/ajax/bootloader-endpoint/?nb_modules=WAWebComposeBoxWWAIWrapper.react&__user=0&__a=1&__req=9&__hs=20733.HYP%3Awhatsapp_comet_pkg.2.1...0&dpr=2&__ccg=UNKNOWN&__rev=1049558099&__s=jba163%3Akh98jz%3Aldpecq&__hsi=7693895210999679922&__dyn=7xe5WwlEnwn8K6EjBBwcm5U4e0C8dEc8co2qwJw5ux609vCwjE1EE2Cw8G11wBw5Zx62G3i0ha2l0Fw4Hw9O7U2czXwbu3C2u0NU5G0zEnwhE2Lw6OyES0gq0Lo6-1Fw4mwr9E37wgEbo5G2Be6o7u0_8460CE2zwv82Nwxwso2mwRy8fi0&__csr=g4_5in5gZMD6_3dfRq48lMxN4j4iNOl8QgONYncy8_BcGtWkBAjBlKlpRhRhZVteuRPi_pq8jQHHi8FHmOJ_BqBQmmpd4rWUGibxmJ2Gzo3_Cwzg0yuaxe6801EOQ0I80eu80al8owiNofo30g33wMAd4wvE4HpU9qwgQ8g2kggV40UE8oGcEzwNgoK0mFm8g2RBxmi&__hsdp=gaIp21xy8b2pwN3k6iJ3Nf8gRosgUrjE8XOu44jSDqlYjkxDlHQ3F2EC8yoWYxrO9eeJ7jm2GcEB4eKAmSO6nGl3ujx2Sm5aJa8x2EC2qqGyEV5xd99Amiu8mmbAB8Q6u4kvUzBBylhe59VEymmE2fwFVHyEaQ4UlyoeFE4a2-2vxjxS7oGFFdabDG1-KGyoGaxu9xaibAz8ow8e1gCzo98uzFEy12DAwSxy4o5i1hCxi3u1lwQg23wIwsU2dw&__hblp=089o5i3SUoBh4Z4xB1NV8g9bQfhcRSzhtii8Qk3ByyGBbh19zOmBkB8r5i8-2qCai4N4ysRPPmHbCEYDiGiSh2ASBFQnjS8lQh9xPpJVWUN5xdmCTjhExplLGQkIwKcpWGQF7G_ThetlRKbjGiHHi8Fqw8-2DCKawHgjxm9wDxaq12DVUky89-5e7otyBCAQEKuE7WWG9yEG5UC4F8Kicxy4E721gCzo98uzFEy12DAwSxy4ojAG4VUSeG3O4pEkwTwlod42G1jAwIwoNHs90nUow&__sjsp=gaIp21xy8b2pwN2ch1pap3N2Q8rUsg&__comet_req=17&__spin_r=1049558099&__spin_b=trunk&__spin_t=1791374574 → pending (?ms, ?B)
[2026-10-07T12:03:00.799Z] POST https://web.whatsapp.com/ajax/bz?__a=1&__ccg=UNKNOWN&__comet_req=17&__hs=20733.HYP%3Awhatsapp_comet_pkg.2.1...0&__hsi=7693895210999679922&__req=a&__rev=1049558099&__s=jba163%3Akh98jz%3Aldpecq&__spin_b=trunk&__spin_r=1049558099&__spin_t=1791374574&__user=0&dpr=2&jazoest=21734&lsd=AdNJogQ4i6vM94ESP-T2lX&ph=C3 → pending (?ms, ?B)
[2026-10-07T12:03:00.799Z] POST https://web.whatsapp.com/ajax/bz?__a=1&__ccg=UNKNOWN&__comet_req=17&__hs=20733.HYP%3Awhatsapp_comet_pkg.2.1...0&__hsi=7693895210999679922&__req=a&__rev=1049558099&__s=jba163%3Akh98jz%3Aldpecq&__spin_b=trunk&__spin_r=1049558099&__spin_t=1791374574&__user=0&dpr=2&jazoest=21734&lsd=AdNJogQ4i6vM94ESP-T2lX&ph=C3 → pending (?ms, ?B)
[2026-10-07T12:03:00.950Z] GET https://web.whatsapp.com/emoji/v1/16/0/2/sprite/a/64/24.webp → 200 (9ms, -4816B)
[2026-10-07T12:03:00.950Z] GET https://web.whatsapp.com/emoji/v1/16/0/2/sprite/a/64/24.webp → 200 (9ms, -4816B)
[2026-10-07T12:03:00.962Z] GET https://web.whatsapp.com/emoji/v1/16/0/2/sprite/a/64/24.webp → 200 (?ms, -4816B)
[2026-10-07T12:03:00.962Z] GET https://web.whatsapp.com/emoji/v1/16/0/2/sprite/a/64/24.webp → 200 (?ms, -4816B)
[2026-10-07T12:03:00.994Z] POST https://graph.whatsapp.com/graphql/catalog → pending (?ms, ?B)
[2026-10-07T12:03:00.994Z] POST https://graph.whatsapp.com/graphql/catalog → pending (?ms, ?B)
[2026-10-07T12:03:00.994Z] GET https://web.whatsapp.com/emoji/v1/16/0/2/sprite/a/64/0.webp → 200 (51ms, -4814B)
[2026-10-07T12:03:00.994Z] GET https://web.whatsapp.com/emoji/v1/16/0/2/sprite/a/64/0.webp → 200 (50ms, -4814B)
[2026-10-07T12:03:00.995Z] GET https://web.whatsapp.com/emoji/v1/16/0/2/sprite/a/64/1.webp → 200 (46ms, -4838B)
[2026-10-07T12:03:00.995Z] GET https://web.whatsapp.com/emoji/v1/16/0/2/sprite/a/64/1.webp → 200 (46ms, -4838B)
[2026-10-07T12:03:00.998Z] GET https://web.whatsapp.com/emoji/v1/16/0/2/sprite/a/64/2.webp → 200 (50ms, -4814B)
[2026-10-07T12:03:00.998Z] GET https://web.whatsapp.com/emoji/v1/16/0/2/sprite/a/64/2.webp → 200 (50ms, -4814B)
[2026-10-07T12:03:01.001Z] GET https://web.whatsapp.com/emoji/v1/16/0/2/sprite/a/64/3.webp → 200 (45ms, -4814B)
[2026-10-07T12:03:01.001Z] GET https://web.whatsapp.com/emoji/v1/16/0/2/sprite/a/64/3.webp → 200 (45ms, -4814B)
[2026-10-07T12:03:01.007Z] GET https://web.whatsapp.com/emoji/v1/16/0/2/sprite/a/64/4.webp → 200 (37ms, -4814B)
[2026-10-07T12:03:01.007Z] GET https://web.whatsapp.com/emoji/v1/16/0/2/sprite/a/64/4.webp → 200 (37ms, -4814B)
[2026-10-07T12:03:01.010Z] GET https://web.whatsapp.com/emoji/v1/16/0/2/sprite/a/64/5.webp → 200 (39ms, -4838B)
[2026-10-07T12:03:01.010Z] GET https://web.whatsapp.com/emoji/v1/16/0/2/sprite/a/64/5.webp → 200 (39ms, -4838B)
[2026-10-07T12:03:01.013Z] GET https://web.whatsapp.com/emoji/v1/16/0/2/sprite/a/64/6.webp → 200 (36ms, -4814B)
[2026-10-07T12:03:01.013Z] GET https://web.whatsapp.com/emoji/v1/16/0/2/sprite/a/64/6.webp → 200 (36ms, -4814B)
[2026-10-07T12:03:01.013Z] GET https://web.whatsapp.com/emoji/v1/16/0/2/sprite/a/64/7.webp → 200 (53ms, -4814B)
[2026-10-07T12:03:01.013Z] GET https://web.whatsapp.com/emoji/v1/16/0/2/sprite/a/64/7.webp → 200 (53ms, -4814B)
[2026-10-07T12:03:01.013Z] GET https://web.whatsapp.com/emoji/v1/16/0/2/sprite/a/64/8.webp → 200 (32ms, -4814B)
[2026-10-07T12:03:01.013Z] GET https://web.whatsapp.com/emoji/v1/16/0/2/sprite/a/64/8.webp → 200 (32ms, -4814B)
[2026-10-07T12:03:01.013Z] GET https://web.whatsapp.com/emoji/v1/16/0/2/sprite/a/64/9.webp → 200 (36ms, -4814B)
[2026-10-07T12:03:01.013Z] GET https://web.whatsapp.com/emoji/v1/16/0/2/sprite/a/64/9.webp → 200 (36ms, -4814B)
[2026-10-07T12:03:01.013Z] GET https://web.whatsapp.com/emoji/v1/16/0/2/sprite/a/64/10.webp → 200 (37ms, -4815B)
[2026-10-07T12:03:01.013Z] GET https://web.whatsapp.com/emoji/v1/16/0/2/sprite/a/64/10.webp → 200 (37ms, -4815B)
[2026-10-07T12:03:01.013Z] GET https://web.whatsapp.com/emoji/v1/16/0/2/sprite/a/64/11.webp → 200 (54ms, ?B)
[2026-10-07T12:03:01.013Z] GET https://web.whatsapp.com/emoji/v1/16/0/2/sprite/a/64/11.webp → 200 (54ms, ?B)
[2026-10-07T12:03:01.013Z] GET https://web.whatsapp.com/emoji/v1/16/0/2/sprite/a/64/12.webp → 200 (58ms, ?B)
[2026-10-07T12:03:01.013Z] GET https://web.whatsapp.com/emoji/v1/16/0/2/sprite/a/64/12.webp → 200 (58ms, ?B)
[2026-10-07T12:03:01.013Z] GET https://web.whatsapp.com/emoji/v1/16/0/2/sprite/a/64/13.webp → 200 (58ms, ?B)
[2026-10-07T12:03:01.013Z] GET https://web.whatsapp.com/emoji/v1/16/0/2/sprite/a/64/13.webp → 200 (58ms, ?B)
[2026-10-07T12:03:01.013Z] GET https://web.whatsapp.com/emoji/v1/16/0/2/sprite/a/64/14.webp → 200 (59ms, ?B)
[2026-10-07T12:03:01.013Z] GET https://web.whatsapp.com/emoji/v1/16/0/2/sprite/a/64/14.webp → 200 (59ms, ?B)
[2026-10-07T12:03:01.013Z] GET https://web.whatsapp.com/emoji/v1/16/0/2/sprite/a/64/15.webp → 200 (67ms, ?B)
[2026-10-07T12:03:01.013Z] GET https://web.whatsapp.com/emoji/v1/16/0/2/sprite/a/64/15.webp → 200 (67ms, ?B)
[2026-10-07T12:03:01.013Z] GET https://web.whatsapp.com/emoji/v1/16/0/2/sprite/a/64/16.webp → 200 (67ms, ?B)
[2026-10-07T12:03:01.013Z] GET https://web.whatsapp.com/emoji/v1/16/0/2/sprite/a/64/16.webp → 200 (67ms, ?B)
[2026-10-07T12:03:01.013Z] GET https://web.whatsapp.com/emoji/v1/16/0/2/sprite/a/64/17.webp → 200 (67ms, ?B)
[2026-10-07T12:03:01.013Z] GET https://web.whatsapp.com/emoji/v1/16/0/2/sprite/a/64/17.webp → 200 (67ms, ?B)
[2026-10-07T12:03:01.013Z] GET https://web.whatsapp.com/emoji/v1/16/0/2/sprite/a/64/18.webp → pending (?ms, ?B)
[2026-10-07T12:03:01.013Z] GET https://web.whatsapp.com/emoji/v1/16/0/2/sprite/a/64/18.webp → pending (?ms, ?B)
[2026-10-07T12:03:01.013Z] GET https://web.whatsapp.com/emoji/v1/16/0/2/sprite/a/64/19.webp → pending (?ms, ?B)
[2026-10-07T12:03:01.013Z] GET https://web.whatsapp.com/emoji/v1/16/0/2/sprite/a/64/19.webp → pending (?ms, ?B)
[2026-10-07T12:03:01.013Z] GET https://web.whatsapp.com/emoji/v1/16/0/2/sprite/a/64/20.webp → pending (?ms, ?B)
[2026-10-07T12:03:01.013Z] GET https://web.whatsapp.com/emoji/v1/16/0/2/sprite/a/64/20.webp → pending (?ms, ?B)
[2026-10-07T12:03:01.013Z] GET https://web.whatsapp.com/emoji/v1/16/0/2/sprite/a/64/21.webp → pending (?ms, ?B)
[2026-10-07T12:03:01.013Z] GET https://web.whatsapp.com/emoji/v1/16/0/2/sprite/a/64/21.webp → pending (?ms, ?B)
[2026-10-07T12:03:01.013Z] GET https://web.whatsapp.com/emoji/v1/16/0/2/sprite/a/64/22.webp → pending (?ms, ?B)
[2026-10-07T12:03:01.013Z] GET https://web.whatsapp.com/emoji/v1/16/0/2/sprite/a/64/22.webp → pending (?ms, ?B)
[2026-10-07T12:03:01.013Z] GET https://web.whatsapp.com/emoji/v1/16/0/2/sprite/a/64/23.webp → pending (?ms, ?B)
[2026-10-07T12:03:01.013Z] GET https://web.whatsapp.com/emoji/v1/16/0/2/sprite/a/64/23.webp → pending (?ms, ?B)
[2026-10-07T12:03:01.013Z] GET https://web.whatsapp.com/emoji/v1/16/0/2/sprite/a/64/24.webp → pending (?ms, ?B)
[2026-10-07T12:03:01.013Z] GET https://web.whatsapp.com/emoji/v1/16/0/2/sprite/a/64/24.webp → pending (?ms, ?B)
[2026-10-07T12:03:01.013Z] GET https://web.whatsapp.com/emoji/v1/16/0/2/sprite/a/64/25.webp → pending (?ms, ?B)
[2026-10-07T12:03:01.013Z] GET https://web.whatsapp.com/emoji/v1/16/0/2/sprite/a/64/25.webp → pending (?ms, ?B)
[2026-10-07T12:03:01.013Z] GET https://web.whatsapp.com/emoji/v1/16/0/2/sprite/a/64/26.webp → pending (?ms, ?B)
[2026-10-07T12:03:01.013Z] GET https://web.whatsapp.com/emoji/v1/16/0/2/sprite/a/64/26.webp → pending (?ms, ?B)
[2026-10-07T12:03:01.014Z] GET https://web.whatsapp.com/emoji/v1/16/0/2/sprite/a/64/27.webp → pending (?ms, ?B)
[2026-10-07T12:03:01.014Z] GET https://web.whatsapp.com/emoji/v1/16/0/2/sprite/a/64/27.webp → pending (?ms, ?B)
[2026-10-07T12:03:01.014Z] GET https://web.whatsapp.com/emoji/v1/16/0/2/sprite/a/64/28.webp → pending (?ms, ?B)
[2026-10-07T12:03:01.014Z] GET https://web.whatsapp.com/emoji/v1/16/0/2/sprite/a/64/28.webp → pending (?ms, ?B)
[2026-10-07T12:03:01.014Z] GET https://web.whatsapp.com/emoji/v1/16/0/2/sprite/a/64/29.webp → pending (?ms, ?B)
[2026-10-07T12:03:01.014Z] GET https://web.whatsapp.com/emoji/v1/16/0/2/sprite/a/64/29.webp → pending (?ms, ?B)
[2026-10-07T12:03:01.014Z] GET https://web.whatsapp.com/emoji/v1/16/0/2/sprite/a/64/30.webp → pending (?ms, ?B)
[2026-10-07T12:03:01.014Z] GET https://web.whatsapp.com/emoji/v1/16/0/2/sprite/a/64/30.webp → pending (?ms, ?B)
[2026-10-07T12:03:01.014Z] GET https://web.whatsapp.com/emoji/v1/16/0/2/sprite/a/64/31.webp → pending (?ms, ?B)
[2026-10-07T12:03:01.014Z] GET https://web.whatsapp.com/emoji/v1/16/0/2/sprite/a/64/31.webp → pending (?ms, ?B)
[2026-10-07T12:03:01.014Z] GET https://web.whatsapp.com/emoji/v1/16/0/2/sprite/a/64/32.webp → pending (?ms, ?B)
[2026-10-07T12:03:01.014Z] GET https://web.whatsapp.com/emoji/v1/16/0/2/sprite/a/64/32.webp → pending (?ms, ?B)
[2026-10-07T12:03:01.015Z] GET https://web.whatsapp.com/emoji/v1/16/0/2/sprite/a/64/33.webp → pending (?ms, ?B)
[2026-10-07T12:03:01.015Z] GET https://web.whatsapp.com/emoji/v1/16/0/2/sprite/a/64/33.webp → pending (?ms, ?B)
[2026-10-07T12:03:01.015Z] GET https://web.whatsapp.com/emoji/v1/16/0/2/sprite/a/64/34.webp → pending (?ms, ?B)
[2026-10-07T12:03:01.015Z] GET https://web.whatsapp.com/emoji/v1/16/0/2/sprite/a/64/34.webp → pending (?ms, ?B)
[2026-10-07T12:03:01.015Z] GET https://web.whatsapp.com/emoji/v1/16/0/2/sprite/a/64/35.webp → pending (?ms, ?B)
[2026-10-07T12:03:01.015Z] GET https://web.whatsapp.com/emoji/v1/16/0/2/sprite/a/64/35.webp → pending (?ms, ?B)
[2026-10-07T12:03:01.015Z] GET https://web.whatsapp.com/emoji/v1/16/0/2/sprite/a/64/36.webp → pending (?ms, ?B)
[2026-10-07T12:03:01.015Z] GET https://web.whatsapp.com/emoji/v1/16/0/2/sprite/a/64/36.webp → pending (?ms, ?B)
[2026-10-07T12:03:01.016Z] GET https://web.whatsapp.com/emoji/v1/16/0/2/sprite/a/64/37.webp → pending (?ms, ?B)
[2026-10-07T12:03:01.016Z] GET https://web.whatsapp.com/emoji/v1/16/0/2/sprite/a/64/37.webp → pending (?ms, ?B)
[2026-10-07T12:03:01.016Z] GET https://web.whatsapp.com/emoji/v1/16/0/2/sprite/a/64/38.webp → pending (?ms, ?B)
[2026-10-07T12:03:01.016Z] GET https://web.whatsapp.com/emoji/v1/16/0/2/sprite/a/64/38.webp → pending (?ms, ?B)
[2026-10-07T12:03:01.016Z] GET https://web.whatsapp.com/emoji/v1/16/0/2/sprite/a/64/39.webp → pending (?ms, ?B)
[2026-10-07T12:03:01.016Z] GET https://web.whatsapp.com/emoji/v1/16/0/2/sprite/a/64/39.webp → pending (?ms, ?B)
[2026-10-07T12:03:01.016Z] GET https://web.whatsapp.com/emoji/v1/16/0/2/sprite/a/64/40.webp → pending (?ms, ?B)
[2026-10-07T12:03:01.016Z] GET https://web.whatsapp.com/emoji/v1/16/0/2/sprite/a/64/40.webp → pending (?ms, ?B)
[2026-10-07T12:03:01.017Z] GET https://web.whatsapp.com/emoji/v1/16/0/2/sprite/a/64/41.webp → pending (?ms, ?B)
[2026-10-07T12:03:01.017Z] GET https://web.whatsapp.com/emoji/v1/16/0/2/sprite/a/64/41.webp → pending (?ms, ?B)
[2026-10-07T12:03:01.017Z] GET https://web.whatsapp.com/emoji/v1/16/0/2/sprite/a/64/42.webp → pending (?ms, ?B)
[2026-10-07T12:03:01.017Z] GET https://web.whatsapp.com/emoji/v1/16/0/2/sprite/a/64/42.webp → pending (?ms, ?B)
[2026-10-07T12:03:01.017Z] GET https://web.whatsapp.com/emoji/v1/16/0/2/sprite/a/64/43.webp → pending (?ms, ?B)
[2026-10-07T12:03:01.017Z] GET https://web.whatsapp.com/emoji/v1/16/0/2/sprite/a/64/43.webp → pending (?ms, ?B)
[2026-10-07T12:03:01.017Z] GET https://web.whatsapp.com/emoji/v1/16/0/2/sprite/a/64/44.webp → pending (?ms, ?B)
[2026-10-07T12:03:01.017Z] GET https://web.whatsapp.com/emoji/v1/16/0/2/sprite/a/64/44.webp → pending (?ms, ?B)
[2026-10-07T12:03:01.022Z] GET https://web.whatsapp.com/emoji/v1/16/0/2/sprite/a/64/45.webp → pending (?ms, ?B)
[2026-10-07T12:03:01.022Z] GET https://web.whatsapp.com/emoji/v1/16/0/2/sprite/a/64/45.webp → pending (?ms, ?B)
[2026-10-07T12:03:01.022Z] GET https://web.whatsapp.com/emoji/v1/16/0/2/sprite/a/64/46.webp → pending (?ms, ?B)
[2026-10-07T12:03:01.022Z] GET https://web.whatsapp.com/emoji/v1/16/0/2/sprite/a/64/46.webp → pending (?ms, ?B)
[2026-10-07T12:03:01.022Z] GET https://web.whatsapp.com/emoji/v1/16/0/2/sprite/a/64/47.webp → pending (?ms, ?B)
[2026-10-07T12:03:01.022Z] GET https://web.whatsapp.com/emoji/v1/16/0/2/sprite/a/64/47.webp → pending (?ms, ?B)
[2026-10-07T12:03:01.022Z] GET https://web.whatsapp.com/emoji/v1/16/0/2/sprite/a/64/48.webp → pending (?ms, ?B)
[2026-10-07T12:03:01.022Z] GET https://web.whatsapp.com/emoji/v1/16/0/2/sprite/a/64/48.webp → pending (?ms, ?B)
[2026-10-07T12:03:01.022Z] GET https://web.whatsapp.com/emoji/v1/16/0/2/sprite/a/64/49.webp → pending (?ms, ?B)
[2026-10-07T12:03:01.022Z] GET https://web.whatsapp.com/emoji/v1/16/0/2/sprite/a/64/49.webp → pending (?ms, ?B)
[2026-10-07T12:03:01.022Z] GET https://web.whatsapp.com/emoji/v1/16/0/2/sprite/a/64/50.webp → pending (?ms, ?B)
[2026-10-07T12:03:01.022Z] GET https://web.whatsapp.com/emoji/v1/16/0/2/sprite/a/64/50.webp → pending (?ms, ?B)
[2026-10-07T12:03:01.023Z] GET https://web.whatsapp.com/emoji/v1/16/0/2/sprite/a/64/51.webp → pending (?ms, ?B)
[2026-10-07T12:03:01.023Z] GET https://web.whatsapp.com/emoji/v1/16/0/2/sprite/a/64/51.webp → pending (?ms, ?B)
[2026-10-07T12:03:01.023Z] GET https://web.whatsapp.com/emoji/v1/16/0/2/sprite/a/64/52.webp → pending (?ms, ?B)
[2026-10-07T12:03:01.023Z] GET https://web.whatsapp.com/emoji/v1/16/0/2/sprite/a/64/52.webp → pending (?ms, ?B)
[2026-10-07T12:03:01.024Z] GET https://web.whatsapp.com/emoji/v1/16/0/2/sprite/a/64/53.webp → pending (?ms, ?B)
[2026-10-07T12:03:01.024Z] GET https://web.whatsapp.com/emoji/v1/16/0/2/sprite/a/64/53.webp → pending (?ms, ?B)
[2026-10-07T12:03:01.024Z] GET https://web.whatsapp.com/emoji/v1/16/0/2/sprite/a/64/54.webp → pending (?ms, ?B)
[2026-10-07T12:03:01.024Z] GET https://web.whatsapp.com/emoji/v1/16/0/2/sprite/a/64/54.webp → pending (?ms, ?B)
[2026-10-07T12:03:01.024Z] GET https://web.whatsapp.com/emoji/v1/16/0/2/sprite/a/64/55.webp → pending (?ms, ?B)
[2026-10-07T12:03:01.024Z] GET https://web.whatsapp.com/emoji/v1/16/0/2/sprite/a/64/55.webp → pending (?ms, ?B)
[2026-10-07T12:03:01.025Z] GET https://web.whatsapp.com/emoji/v1/16/0/2/sprite/a/64/56.webp → pending (?ms, ?B)
[2026-10-07T12:03:01.025Z] GET https://web.whatsapp.com/emoji/v1/16/0/2/sprite/a/64/56.webp → pending (?ms, ?B)
[2026-10-07T12:03:01.026Z] GET https://web.whatsapp.com/emoji/v1/16/0/2/sprite/a/64/57.webp → pending (?ms, ?B)
[2026-10-07T12:03:01.026Z] GET https://web.whatsapp.com/emoji/v1/16/0/2/sprite/a/64/57.webp → pending (?ms, ?B)
[2026-10-07T12:03:01.026Z] GET https://web.whatsapp.com/emoji/v1/16/0/2/sprite/a/64/58.webp → pending (?ms, ?B)
[2026-10-07T12:03:01.026Z] GET https://web.whatsapp.com/emoji/v1/16/0/2/sprite/a/64/58.webp → pending (?ms, ?B)
[2026-10-07T12:03:01.027Z] GET https://web.whatsapp.com/emoji/v1/16/0/2/sprite/a/64/59.webp → pending (?ms, ?B)
[2026-10-07T12:03:01.027Z] GET https://web.whatsapp.com/emoji/v1/16/0/2/sprite/a/64/59.webp → pending (?ms, ?B)
[2026-10-07T12:03:01.027Z] GET https://web.whatsapp.com/emoji/v1/16/0/2/sprite/a/64/60.webp → pending (?ms, ?B)
[2026-10-07T12:03:01.027Z] GET https://web.whatsapp.com/emoji/v1/16/0/2/sprite/a/64/60.webp → pending (?ms, ?B)
[2026-10-07T12:03:01.027Z] GET https://web.whatsapp.com/emoji/v1/16/0/2/sprite/a/64/61.webp → pending (?ms, ?B)
[2026-10-07T12:03:01.027Z] GET https://web.whatsapp.com/emoji/v1/16/0/2/sprite/a/64/61.webp → pending (?ms, ?B)
[2026-10-07T12:03:01.028Z] GET https://web.whatsapp.com/emoji/v1/16/0/2/sprite/a/64/62.webp → pending (?ms, ?B)
[2026-10-07T12:03:01.028Z] GET https://web.whatsapp.com/emoji/v1/16/0/2/sprite/a/64/62.webp → pending (?ms, ?B)
[2026-10-07T12:03:01.028Z] GET https://web.whatsapp.com/emoji/v1/16/0/2/sprite/a/64/63.webp → pending (?ms, ?B)
[2026-10-07T12:03:01.028Z] GET https://web.whatsapp.com/emoji/v1/16/0/2/sprite/a/64/63.webp → pending (?ms, ?B)
[2026-10-07T12:03:01.028Z] GET https://web.whatsapp.com/emoji/v1/16/0/2/sprite/a/64/64.webp → pending (?ms, ?B)
[2026-10-07T12:03:01.028Z] GET https://web.whatsapp.com/emoji/v1/16/0/2/sprite/a/64/64.webp → pending (?ms, ?B)
[2026-10-07T12:03:01.028Z] GET https://web.whatsapp.com/emoji/v1/16/0/2/sprite/a/64/65.webp → pending (?ms, ?B)
[2026-10-07T12:03:01.028Z] GET https://web.whatsapp.com/emoji/v1/16/0/2/sprite/a/64/65.webp → pending (?ms, ?B)
[2026-10-07T12:03:01.029Z] GET https://web.whatsapp.com/emoji/v1/16/0/2/sprite/a/64/66.webp → pending (?ms, ?B)
[2026-10-07T12:03:01.029Z] GET https://web.whatsapp.com/emoji/v1/16/0/2/sprite/a/64/66.webp → pending (?ms, ?B)
[2026-10-07T12:03:01.030Z] GET https://web.whatsapp.com/emoji/v1/16/0/2/sprite/a/64/67.webp → pending (?ms, ?B)
[2026-10-07T12:03:01.030Z] GET https://web.whatsapp.com/emoji/v1/16/0/2/sprite/a/64/67.webp → pending (?ms, ?B)
[2026-10-07T12:03:01.038Z] GET https://web.whatsapp.com/emoji/v1/16/0/2/sprite/a/64/68.webp → pending (?ms, ?B)
[2026-10-07T12:03:01.038Z] GET https://web.whatsapp.com/emoji/v1/16/0/2/sprite/a/64/68.webp → pending (?ms, ?B)
[2026-10-07T12:03:01.038Z] GET https://web.whatsapp.com/emoji/v1/16/0/2/sprite/a/64/69.webp → pending (?ms, ?B)
[2026-10-07T12:03:01.038Z] GET https://web.whatsapp.com/emoji/v1/16/0/2/sprite/a/64/69.webp → pending (?ms, ?B)
[2026-10-07T12:03:01.039Z] GET https://web.whatsapp.com/emoji/v1/16/0/2/sprite/a/64/70.webp → pending (?ms, ?B)
[2026-10-07T12:03:01.039Z] GET https://web.whatsapp.com/emoji/v1/16/0/2/sprite/a/64/70.webp → pending (?ms, ?B)
[2026-10-07T12:03:01.039Z] GET https://web.whatsapp.com/emoji/v1/16/0/2/sprite/a/64/71.webp → pending (?ms, ?B)
[2026-10-07T12:03:01.039Z] GET https://web.whatsapp.com/emoji/v1/16/0/2/sprite/a/64/71.webp → pending (?ms, ?B)
[2026-10-07T12:03:01.040Z] GET https://web.whatsapp.com/emoji/v1/16/0/2/sprite/a/64/72.webp → pending (?ms, ?B)
[2026-10-07T12:03:01.040Z] GET https://web.whatsapp.com/emoji/v1/16/0/2/sprite/a/64/72.webp → pending (?ms, ?B)
[2026-10-07T12:03:01.040Z] GET https://web.whatsapp.com/emoji/v1/16/0/2/sprite/a/64/73.webp → pending (?ms, ?B)
[2026-10-07T12:03:01.040Z] GET https://web.whatsapp.com/emoji/v1/16/0/2/sprite/a/64/73.webp → pending (?ms, ?B)
[2026-10-07T12:03:01.040Z] GET https://web.whatsapp.com/emoji/v1/16/0/2/sprite/a/64/74.webp → pending (?ms, ?B)
[2026-10-07T12:03:01.040Z] GET https://web.whatsapp.com/emoji/v1/16/0/2/sprite/a/64/74.webp → pending (?ms, ?B)
[2026-10-07T12:03:01.040Z] GET https://web.whatsapp.com/emoji/v1/16/0/2/sprite/a/64/75.webp → pending (?ms, ?B)
[2026-10-07T12:03:01.040Z] GET https://web.whatsapp.com/emoji/v1/16/0/2/sprite/a/64/75.webp → pending (?ms, ?B)
[2026-10-07T12:03:01.040Z] GET https://web.whatsapp.com/emoji/v1/16/0/2/sprite/a/64/76.webp → pending (?ms, ?B)
[2026-10-07T12:03:01.040Z] GET https://web.whatsapp.com/emoji/v1/16/0/2/sprite/a/64/76.webp → pending (?ms, ?B)
[2026-10-07T12:03:01.040Z] GET https://web.whatsapp.com/emoji/v1/16/0/2/sprite/a/64/77.webp → pending (?ms, ?B)
[2026-10-07T12:03:01.040Z] GET https://web.whatsapp.com/emoji/v1/16/0/2/sprite/a/64/77.webp → pending (?ms, ?B)
[2026-10-07T12:03:01.040Z] GET https://web.whatsapp.com/emoji/v1/16/0/2/sprite/a/64/78.webp → pending (?ms, ?B)
[2026-10-07T12:03:01.040Z] GET https://web.whatsapp.com/emoji/v1/16/0/2/sprite/a/64/78.webp → pending (?ms, ?B)
[2026-10-07T12:03:01.040Z] GET https://web.whatsapp.com/emoji/v1/16/0/2/sprite/a/64/79.webp → pending (?ms, ?B)
[2026-10-07T12:03:01.040Z] GET https://web.whatsapp.com/emoji/v1/16/0/2/sprite/a/64/79.webp → pending (?ms, ?B)
[2026-10-07T12:03:01.040Z] GET https://web.whatsapp.com/emoji/v1/16/0/2/sprite/a/64/80.webp → pending (?ms, ?B)
[2026-10-07T12:03:01.040Z] GET https://web.whatsapp.com/emoji/v1/16/0/2/sprite/a/64/80.webp → pending (?ms, ?B)
[2026-10-07T12:03:01.040Z] GET https://web.whatsapp.com/emoji/v1/16/0/2/sprite/a/64/81.webp → pending (?ms, ?B)
[2026-10-07T12:03:01.040Z] GET https://web.whatsapp.com/emoji/v1/16/0/2/sprite/a/64/81.webp → pending (?ms, ?B)
[2026-10-07T12:03:01.040Z] GET https://web.whatsapp.com/emoji/v1/16/0/2/sprite/a/64/82.webp → pending (?ms, ?B)
[2026-10-07T12:03:01.040Z] GET https://web.whatsapp.com/emoji/v1/16/0/2/sprite/a/64/82.webp → pending (?ms, ?B)
[2026-10-07T12:03:01.040Z] GET https://web.whatsapp.com/emoji/v1/16/0/2/sprite/a/64/83.webp → pending (?ms, ?B)
[2026-10-07T12:03:01.040Z] GET https://web.whatsapp.com/emoji/v1/16/0/2/sprite/a/64/83.webp → pending (?ms, ?B)
[2026-10-07T12:03:01.040Z] GET https://web.whatsapp.com/emoji/v1/16/0/2/sprite/a/64/84.webp → pending (?ms, ?B)
[2026-10-07T12:03:01.040Z] GET https://web.whatsapp.com/emoji/v1/16/0/2/sprite/a/64/84.webp → pending (?ms, ?B)
[2026-10-07T12:03:01.040Z] GET https://web.whatsapp.com/emoji/v1/16/0/2/sprite/a/64/85.webp → pending (?ms, ?B)
[2026-10-07T12:03:01.040Z] GET https://web.whatsapp.com/emoji/v1/16/0/2/sprite/a/64/85.webp → pending (?ms, ?B)
[2026-10-07T12:03:01.040Z] GET https://web.whatsapp.com/emoji/v1/16/0/2/sprite/a/64/86.webp → pending (?ms, ?B)
[2026-10-07T12:03:01.040Z] GET https://web.whatsapp.com/emoji/v1/16/0/2/sprite/a/64/86.webp → pending (?ms, ?B)
[2026-10-07T12:03:01.040Z] GET https://web.whatsapp.com/emoji/v1/16/0/2/sprite/a/64/87.webp → pending (?ms, ?B)
[2026-10-07T12:03:01.040Z] GET https://web.whatsapp.com/emoji/v1/16/0/2/sprite/a/64/87.webp → pending (?ms, ?B)
[2026-10-07T12:03:01.041Z] GET https://web.whatsapp.com/emoji/v1/16/0/2/sprite/a/64/88.webp → pending (?ms, ?B)
[2026-10-07T12:03:01.041Z] GET https://web.whatsapp.com/emoji/v1/16/0/2/sprite/a/64/88.webp → pending (?ms, ?B)
[2026-10-07T12:03:01.041Z] GET https://web.whatsapp.com/emoji/v1/16/0/2/sprite/a/64/89.webp → pending (?ms, ?B)
[2026-10-07T12:03:01.041Z] GET https://web.whatsapp.com/emoji/v1/16/0/2/sprite/a/64/89.webp → pending (?ms, ?B)
[2026-10-07T12:03:01.043Z] GET https://web.whatsapp.com/emoji/v1/16/0/2/sprite/a/64/90.webp → pending (?ms, ?B)
[2026-10-07T12:03:01.043Z] GET https://web.whatsapp.com/emoji/v1/16/0/2/sprite/a/64/90.webp → pending (?ms, ?B)
[2026-10-07T12:03:01.047Z] GET https://web.whatsapp.com/emoji/v1/16/0/2/sprite/a/64/91.webp → pending (?ms, ?B)
[2026-10-07T12:03:01.047Z] GET https://web.whatsapp.com/emoji/v1/16/0/2/sprite/a/64/91.webp → pending (?ms, ?B)
[2026-10-07T12:03:01.050Z] GET https://web.whatsapp.com/emoji/v1/16/0/2/sprite/a/64/92.webp → pending (?ms, ?B)
[2026-10-07T12:03:01.050Z] GET https://web.whatsapp.com/emoji/v1/16/0/2/sprite/a/64/92.webp → pending (?ms, ?B)
[2026-10-07T12:03:01.054Z] GET https://web.whatsapp.com/emoji/v1/16/0/2/sprite/a/64/93.webp → pending (?ms, ?B)
[2026-10-07T12:03:01.054Z] GET https://web.whatsapp.com/emoji/v1/16/0/2/sprite/a/64/93.webp → pending (?ms, ?B)
[2026-10-07T12:03:01.058Z] GET https://web.whatsapp.com/emoji/v1/16/0/2/sprite/a/64/94.webp → pending (?ms, ?B)
[2026-10-07T12:03:01.058Z] GET https://web.whatsapp.com/emoji/v1/16/0/2/sprite/a/64/94.webp → pending (?ms, ?B)
[2026-10-07T12:03:01.063Z] GET https://web.whatsapp.com/emoji/v1/16/0/2/sprite/a/64/95.webp → pending (?ms, ?B)
[2026-10-07T12:03:01.063Z] GET https://web.whatsapp.com/emoji/v1/16/0/2/sprite/a/64/95.webp → pending (?ms, ?B)
[2026-10-07T12:03:01.064Z] GET https://web.whatsapp.com/emoji/v1/16/0/2/sprite/a/64/96.webp → pending (?ms, ?B)
[2026-10-07T12:03:01.064Z] GET https://web.whatsapp.com/emoji/v1/16/0/2/sprite/a/64/96.webp → pending (?ms, ?B)
[2026-10-07T12:03:01.065Z] GET https://web.whatsapp.com/emoji/v1/16/0/2/sprite/a/64/97.webp → pending (?ms, ?B)
[2026-10-07T12:03:01.065Z] GET https://web.whatsapp.com/emoji/v1/16/0/2/sprite/a/64/97.webp → pending (?ms, ?B)
[2026-10-07T12:03:01.081Z] GET https://web.whatsapp.com/emoji/v1/16/0/2/sprite/a/64/98.webp → pending (?ms, ?B)
[2026-10-07T12:03:01.081Z] GET https://web.whatsapp.com/emoji/v1/16/0/2/sprite/a/64/98.webp → pending (?ms, ?B)
[2026-10-07T12:03:01.081Z] GET https://web.whatsapp.com/emoji/v1/16/0/2/sprite/a/64/99.webp → pending (?ms, ?B)
[2026-10-07T12:03:01.081Z] GET https://web.whatsapp.com/emoji/v1/16/0/2/sprite/a/64/99.webp → pending (?ms, ?B)
[2026-10-07T12:03:01.083Z] GET https://web.whatsapp.com/emoji/v1/16/0/2/sprite/a/64/100.webp → pending (?ms, ?B)
[2026-10-07T12:03:01.083Z] GET https://web.whatsapp.com/emoji/v1/16/0/2/sprite/a/64/100.webp → pending (?ms, ?B)
[2026-10-07T12:03:01.088Z] GET https://web.whatsapp.com/emoji/v1/16/0/2/sprite/a/64/101.webp → pending (?ms, ?B)
[2026-10-07T12:03:01.088Z] GET https://web.whatsapp.com/emoji/v1/16/0/2/sprite/a/64/101.webp → pending (?ms, ?B)
[2026-10-07T12:03:01.088Z] GET https://web.whatsapp.com/emoji/v1/16/0/2/sprite/a/64/102.webp → pending (?ms, ?B)
[2026-10-07T12:03:01.088Z] GET https://web.whatsapp.com/emoji/v1/16/0/2/sprite/a/64/102.webp → pending (?ms, ?B)
[2026-10-07T12:03:01.090Z] GET https://web.whatsapp.com/emoji/v1/16/0/2/sprite/a/64/103.webp → pending (?ms, ?B)
[2026-10-07T12:03:01.090Z] GET https://web.whatsapp.com/emoji/v1/16/0/2/sprite/a/64/103.webp → pending (?ms, ?B)
[2026-10-07T12:03:01.091Z] GET https://web.whatsapp.com/emoji/v1/16/0/2/sprite/a/64/104.webp → pending (?ms, ?B)
[2026-10-07T12:03:01.091Z] GET https://web.whatsapp.com/emoji/v1/16/0/2/sprite/a/64/104.webp → pending (?ms, ?B)
[2026-10-07T12:03:01.091Z] GET https://web.whatsapp.com/emoji/v1/16/0/2/sprite/a/64/105.webp → pending (?ms, ?B)
[2026-10-07T12:03:01.091Z] GET https://web.whatsapp.com/emoji/v1/16/0/2/sprite/a/64/105.webp → pending (?ms, ?B)
[2026-10-07T12:03:01.202Z] GET https://web.whatsapp.com/emoji/v1/16/0/2/sprite/a/64/106.webp → pending (?ms, ?B)
[2026-10-07T12:03:01.202Z] GET https://web.whatsapp.com/emoji/v1/16/0/2/sprite/a/64/106.webp → pending (?ms, ?B)
[2026-10-07T12:03:01.202Z] GET https://web.whatsapp.com/emoji/v1/16/0/2/sprite/a/64/107.webp → pending (?ms, ?B)
[2026-10-07T12:03:01.202Z] GET https://web.whatsapp.com/emoji/v1/16/0/2/sprite/a/64/107.webp → pending (?ms, ?B)
[2026-10-07T12:03:01.266Z] GET https://web.whatsapp.com/emoji/v1/16/0/2/sprite/a/64/108.webp → 200 (237ms, -4818B)
[2026-10-07T12:03:01.266Z] GET https://web.whatsapp.com/emoji/v1/16/0/2/sprite/a/64/108.webp → 200 (237ms, -4818B)
[2026-10-07T12:03:01.268Z] GET https://web.whatsapp.com/emoji/v1/16/0/2/sprite/a/64/109.webp → 200 (237ms, -4818B)
[2026-10-07T12:03:01.268Z] GET https://web.whatsapp.com/emoji/v1/16/0/2/sprite/a/64/109.webp → 200 (237ms, -4818B)
[2026-10-07T12:03:01.270Z] GET https://web.whatsapp.com/emoji/v1/16/0/2/sprite/a/64/110.webp → 200 (237ms, -4818B)
[2026-10-07T12:03:01.270Z] GET https://web.whatsapp.com/emoji/v1/16/0/2/sprite/a/64/110.webp → 200 (237ms, -4818B)
[2026-10-07T12:03:01.271Z] GET https://web.whatsapp.com/emoji/v1/16/0/2/sprite/a/64/111.webp → 200 (235ms, -4880B)
[2026-10-07T12:03:01.271Z] GET https://web.whatsapp.com/emoji/v1/16/0/2/sprite/a/64/111.webp → 200 (235ms, -4880B)
[2026-10-07T12:03:01.273Z] GET https://web.whatsapp.com/emoji/v1/16/0/2/sprite/a/64/112.webp → 200 (234ms, -4818B)
[2026-10-07T12:03:01.273Z] GET https://web.whatsapp.com/emoji/v1/16/0/2/sprite/a/64/112.webp → 200 (234ms, -4818B)
[2026-10-07T12:03:01.274Z] GET https://web.whatsapp.com/emoji/v1/16/0/2/sprite/a/64/113.webp → 200 (233ms, -4818B)
[2026-10-07T12:03:01.274Z] GET https://web.whatsapp.com/emoji/v1/16/0/2/sprite/a/64/113.webp → 200 (233ms, -4818B)
[2026-10-07T12:03:01.275Z] GET https://web.whatsapp.com/emoji/v1/16/0/2/sprite/a/64/114.webp → 200 (233ms, -4842B)
[2026-10-07T12:03:01.275Z] GET https://web.whatsapp.com/emoji/v1/16/0/2/sprite/a/64/114.webp → 200 (233ms, -4842B)
[2026-10-07T12:03:01.275Z] GET https://web.whatsapp.com/emoji/v1/16/0/2/sprite/a/64/115.webp → 200 (233ms, -4819B)
[2026-10-07T12:03:01.275Z] GET https://web.whatsapp.com/emoji/v1/16/0/2/sprite/a/64/115.webp → 200 (233ms, -4819B)
[2026-10-07T12:03:01.276Z] GET https://web.whatsapp.com/emoji/v1/16/0/2/sprite/a/64/116.webp → 200 (234ms, -4818B)
[2026-10-07T12:03:01.276Z] GET https://web.whatsapp.com/emoji/v1/16/0/2/sprite/a/64/116.webp → 200 (234ms, -4818B)
[2026-10-07T12:03:01.276Z] GET https://web.whatsapp.com/emoji/v1/16/0/2/sprite/a/64/117.webp → 200 (233ms, -4818B)
[2026-10-07T12:03:01.276Z] GET https://web.whatsapp.com/emoji/v1/16/0/2/sprite/a/64/117.webp → 200 (233ms, -4818B)
[2026-10-07T12:03:01.276Z] GET https://web.whatsapp.com/emoji/v1/16/0/2/sprite/a/64/118.webp → 200 (234ms, -4842B)
[2026-10-07T12:03:01.276Z] GET https://web.whatsapp.com/emoji/v1/16/0/2/sprite/a/64/118.webp → 200 (234ms, -4842B)
[2026-10-07T12:03:01.345Z] GET https://web.whatsapp.com/emoji/v1/16/0/2/sprite/a/64/119.webp → 200 (164ms, -4819B)
[2026-10-07T12:03:01.345Z] GET https://web.whatsapp.com/emoji/v1/16/0/2/sprite/a/64/119.webp → 200 (164ms, -4819B)
[2026-10-07T12:03:01.349Z] GET https://web.whatsapp.com/emoji/v1/16/0/2/sprite/a/64/120.webp → 200 (161ms, -4842B)
[2026-10-07T12:03:01.349Z] GET https://web.whatsapp.com/emoji/v1/16/0/2/sprite/a/64/120.webp → 200 (161ms, -4842B)
[2026-10-07T12:03:01.349Z] GET https://web.whatsapp.com/emoji/v1/16/0/2/sprite/a/64/121.webp → 200 (159ms, -4819B)
[2026-10-07T12:03:01.349Z] GET https://web.whatsapp.com/emoji/v1/16/0/2/sprite/a/64/121.webp → 200 (159ms, -4819B)
[2026-10-07T12:03:01.350Z] GET https://web.whatsapp.com/emoji/v1/16/0/2/sprite/a/64/122.webp → 200 (161ms, -4818B)
[2026-10-07T12:03:01.350Z] GET https://web.whatsapp.com/emoji/v1/16/0/2/sprite/a/64/122.webp → 200 (161ms, -4818B)
[2026-10-07T12:03:01.352Z] GET https://web.whatsapp.com/emoji/v1/16/0/2/sprite/a/64/123.webp → 200 (159ms, -4818B)
[2026-10-07T12:03:01.352Z] GET https://web.whatsapp.com/emoji/v1/16/0/2/sprite/a/64/123.webp → 200 (159ms, -4818B)
[2026-10-07T12:03:01.352Z] GET https://web.whatsapp.com/emoji/v1/16/0/2/sprite/a/64/124.webp → 200 (159ms, -5048B)
[2026-10-07T12:03:01.352Z] GET https://web.whatsapp.com/emoji/v1/16/0/2/sprite/a/64/124.webp → 200 (159ms, -5048B)
[2026-10-07T12:03:01.353Z] GET https://web.whatsapp.com/emoji/v1/16/0/2/sprite/a/64/125.webp → 200 (158ms, -4842B)
[2026-10-07T12:03:01.353Z] GET https://web.whatsapp.com/emoji/v1/16/0/2/sprite/a/64/125.webp → 200 (158ms, -4842B)
[2026-10-07T12:03:01.353Z] GET https://web.whatsapp.com/emoji/v1/16/0/2/sprite/a/64/126.webp → 200 (158ms, -4880B)
[2026-10-07T12:03:01.353Z] GET https://web.whatsapp.com/emoji/v1/16/0/2/sprite/a/64/126.webp → 200 (158ms, -4880B)
[2026-10-07T12:03:01.353Z] GET https://web.whatsapp.com/emoji/v1/16/0/2/sprite/a/64/127.webp → 200 (159ms, -4819B)
[2026-10-07T12:03:01.353Z] GET https://web.whatsapp.com/emoji/v1/16/0/2/sprite/a/64/127.webp → 200 (159ms, -4819B)
[2026-10-07T12:03:01.353Z] GET https://web.whatsapp.com/emoji/v1/16/0/2/sprite/a/64/128.webp → 200 (159ms, -4813B)
[2026-10-07T12:03:01.353Z] GET https://web.whatsapp.com/emoji/v1/16/0/2/sprite/a/64/128.webp → 200 (159ms, -4813B)
[2026-10-07T12:03:01.353Z] GET https://web.whatsapp.com/emoji/v1/16/0/2/sprite/a/64/129.webp → 200 (159ms, -4818B)
[2026-10-07T12:03:01.353Z] GET https://web.whatsapp.com/emoji/v1/16/0/2/sprite/a/64/129.webp → 200 (159ms, -4818B)
[2026-10-07T12:03:01.355Z] GET https://web.whatsapp.com/emoji/v1/16/0/2/sprite/a/64/130.webp → 200 (157ms, -4818B)
[2026-10-07T12:03:01.355Z] GET https://web.whatsapp.com/emoji/v1/16/0/2/sprite/a/64/130.webp → 200 (157ms, -4818B)
[2026-10-07T12:03:01.357Z] GET https://web.whatsapp.com/emoji/v1/16/0/2/sprite/a/64/131.webp → 200 (155ms, -4842B)
[2026-10-07T12:03:01.357Z] GET https://web.whatsapp.com/emoji/v1/16/0/2/sprite/a/64/131.webp → 200 (155ms, -4842B)
[2026-10-07T12:03:01.357Z] GET https://web.whatsapp.com/emoji/v1/16/0/2/sprite/a/64/132.webp → 200 (155ms, -4819B)
[2026-10-07T12:03:01.357Z] GET https://web.whatsapp.com/emoji/v1/16/0/2/sprite/a/64/132.webp → 200 (155ms, -4819B)
[2026-10-07T12:03:01.357Z] GET https://web.whatsapp.com/emoji/v1/16/0/2/sprite/a/64/133.webp → 200 (155ms, -4819B)
[2026-10-07T12:03:01.357Z] GET https://web.whatsapp.com/emoji/v1/16/0/2/sprite/a/64/133.webp → 200 (155ms, -4819B)
[2026-10-07T12:03:01.359Z] GET https://web.whatsapp.com/emoji/v1/16/0/2/sprite/a/64/134.webp → 200 (153ms, -4881B)
[2026-10-07T12:03:01.359Z] GET https://web.whatsapp.com/emoji/v1/16/0/2/sprite/a/64/134.webp → 200 (153ms, -4881B)
[2026-10-07T12:03:01.361Z] GET https://web.whatsapp.com/emoji/v1/16/0/2/sprite/a/64/135.webp → 200 (152ms, -4819B)
[2026-10-07T12:03:01.361Z] GET https://web.whatsapp.com/emoji/v1/16/0/2/sprite/a/64/135.webp → 200 (152ms, -4819B)
[2026-10-07T12:03:01.370Z] GET https://web.whatsapp.com/emoji/v1/16/0/2/sprite/a/64/136.webp → 200 (143ms, -4818B)
[2026-10-07T12:03:01.370Z] GET https://web.whatsapp.com/emoji/v1/16/0/2/sprite/a/64/136.webp → 200 (143ms, -4818B)
[2026-10-07T12:03:01.371Z] GET https://web.whatsapp.com/emoji/v1/16/0/2/sprite/a/64/137.webp → 200 (142ms, -4819B)
[2026-10-07T12:03:01.371Z] GET https://web.whatsapp.com/emoji/v1/16/0/2/sprite/a/64/137.webp → 200 (142ms, -4819B)
[2026-10-07T12:03:01.374Z] GET https://web.whatsapp.com/emoji/v1/16/0/2/sprite/a/64/138.webp → 200 (141ms, -4819B)
[2026-10-07T12:03:01.374Z] GET https://web.whatsapp.com/emoji/v1/16/0/2/sprite/a/64/138.webp → 200 (141ms, -4819B)
[2026-10-07T12:03:01.375Z] GET https://web.whatsapp.com/emoji/v1/16/0/2/sprite/a/64/139.webp → 200 (141ms, -4843B)
[2026-10-07T12:03:01.375Z] GET https://web.whatsapp.com/emoji/v1/16/0/2/sprite/a/64/139.webp → 200 (141ms, -4843B)
[2026-10-07T12:03:01.375Z] GET https://web.whatsapp.com/emoji/v1/16/0/2/sprite/a/64/140.webp → 200 (141ms, -4818B)
[2026-10-07T12:03:01.375Z] GET https://web.whatsapp.com/emoji/v1/16/0/2/sprite/a/64/140.webp → 200 (141ms, -4818B)
[2026-10-07T12:03:01.376Z] GET https://web.whatsapp.com/emoji/v1/16/0/2/sprite/a/64/141.webp → 200 (142ms, -4819B)
[2026-10-07T12:03:01.376Z] GET https://web.whatsapp.com/emoji/v1/16/0/2/sprite/a/64/141.webp → 200 (142ms, -4819B)
[2026-10-07T12:03:01.376Z] GET https://web.whatsapp.com/emoji/v1/16/0/2/sprite/a/64/142.webp → 200 (142ms, -4819B)
[2026-10-07T12:03:01.376Z] GET https://web.whatsapp.com/emoji/v1/16/0/2/sprite/a/64/142.webp → 200 (142ms, -4819B)
[2026-10-07T12:03:01.377Z] GET https://web.whatsapp.com/emoji/v1/16/0/2/sprite/a/64/143.webp → 200 (141ms, -4818B)
[2026-10-07T12:03:01.377Z] GET https://web.whatsapp.com/emoji/v1/16/0/2/sprite/a/64/143.webp → 200 (141ms, -4818B)
[2026-10-07T12:03:01.378Z] GET https://web.whatsapp.com/emoji/v1/16/0/2/sprite/a/64/144.webp → 200 (140ms, -4903B)
[2026-10-07T12:03:01.378Z] GET https://web.whatsapp.com/emoji/v1/16/0/2/sprite/a/64/144.webp → 200 (140ms, -4903B)
[2026-10-07T12:03:01.388Z] GET https://web.whatsapp.com/emoji/v1/16/0/2/sprite/a/64/145.webp → 200 (130ms, -4904B)
[2026-10-07T12:03:01.388Z] GET https://web.whatsapp.com/emoji/v1/16/0/2/sprite/a/64/145.webp → 200 (130ms, -4904B)
[2026-10-07T12:03:01.389Z] GET https://web.whatsapp.com/emoji/v1/16/0/2/sprite/a/64/146.webp → 200 (129ms, -4818B)
[2026-10-07T12:03:01.389Z] GET https://web.whatsapp.com/emoji/v1/16/0/2/sprite/a/64/146.webp → 200 (129ms, -4818B)
[2026-10-07T12:03:01.389Z] GET https://web.whatsapp.com/emoji/v1/16/0/2/sprite/a/64/147.webp → 200 (130ms, -4819B)
[2026-10-07T12:03:01.389Z] GET https://web.whatsapp.com/emoji/v1/16/0/2/sprite/a/64/147.webp → 200 (130ms, -4819B)
[2026-10-07T12:03:01.390Z] GET https://web.whatsapp.com/emoji/v1/16/0/2/sprite/a/64/148.webp → 200 (129ms, -4818B)
[2026-10-07T12:03:01.390Z] GET https://web.whatsapp.com/emoji/v1/16/0/2/sprite/a/64/148.webp → 200 (129ms, -4818B)
[2026-10-07T12:03:01.390Z] GET https://web.whatsapp.com/emoji/v1/16/0/2/sprite/a/64/149.webp → 200 (129ms, -4819B)
[2026-10-07T12:03:01.390Z] GET https://web.whatsapp.com/emoji/v1/16/0/2/sprite/a/64/149.webp → 200 (129ms, -4819B)
[2026-10-07T12:03:01.391Z] GET https://web.whatsapp.com/emoji/v1/16/0/2/sprite/a/64/150.webp → 200 (128ms, -4819B)
[2026-10-07T12:03:01.391Z] GET https://web.whatsapp.com/emoji/v1/16/0/2/sprite/a/64/150.webp → 200 (128ms, -4819B)
[2026-10-07T12:03:01.391Z] GET https://web.whatsapp.com/emoji/v1/16/0/2/sprite/a/64/151.webp → 200 (128ms, -4819B)
[2026-10-07T12:03:01.391Z] GET https://web.whatsapp.com/emoji/v1/16/0/2/sprite/a/64/151.webp → 200 (128ms, -4819B)
[2026-10-07T12:03:02.460Z] GET https://static.whatsapp.net/rsrc.php/v4/yC/r/Y7yrFnRwTZJ.js → 200 (2ms, -2186B)
[2026-10-07T12:03:02.460Z] GET https://static.whatsapp.net/rsrc.php/v4/yC/r/Y7yrFnRwTZJ.js → 200 (2ms, -2186B)
[2026-10-07T12:03:02.460Z] GET https://web.whatsapp.com/ajax/bootloader-endpoint/?modules=WAWebVoipWebWasmLoader_ContentAddressed_internal&__user=0&__a=1&__req=b&__hs=20733.HYP%3Awhatsapp_comet_pkg.2.1...0&dpr=2&__ccg=UNKNOWN&__rev=1049558099&__s=jba163%3Akh98jz%3Aldpecq&__hsi=7693895210999679922&__dyn=7xe5WwlEnwn8K6EjBBwcm5U4e0C8dEc8co2qwJw5ux609vCwjE1EE2Cw8G11wBw5Zx62G3i0ha2l0Fw4Hw9O7U2czXwbu3C2u0NU5G0zEnwhE2Lw6OyES0gq0Lo6-1Fw4mwr9E37wgEbo5G2Be6o7u0_8460CE2zwv82Nwxwso2mwRy8fi0&__csr=g4_5in5gZMD6_3dfRq48lMxN4j4iNOl8QgONYncy8_BcGtWkBAjBlKlpRhRhZVteuRPi_pq8jQHHi8FHmOJ_BqBQmmpd4rWUGibxmJ2Gzo3_Cwzg0yuaxe6801EOQ0I80E202_u02Bi684Im3S0M40MUc93h87W1aSu2mE4d240B44eh0ea26aza8Uck6bw5Gly40JpolAw&__hsdp=gaIp21xy8b2pwN3k6iJ3Nf8gRosgUrjE8XOu44jSDqlYjkxDlHQ3F2EC8yoWYxrO9eeJ7jm2GcEB4eKAmSO6nGl3ujx2Sm5aJa8x2EC2qqGyEV5xd99Amiu8mmbAB8Q6u4kvUzBBylhe59VEymmE2fz8sVHyEaQ4UlyoeFE4a2-2vxjxS7oGFFdabDG1-KGyoGaxu9xaibAz8ow8e1gCzo98uzFEy12DAwSxy4o5i1hCxi3u1lwQg23wIwsU2dw&__hblp=089o5i3SUoBh4Z4xB1NV8g9bQfhcRSzhtii8Qk3ByyGBbh19zOmBkB8r5i8-2qCai4N4ysRPPmHbCEYDiGiSh2ASBFQnjS8lQh9xPpJVWUN5xdmCTjhExplLGQkIwKcpWGQF7G_ThetlRKbjGiHHi8Fqw8-cxPCKawHgjxm9wDxaq12DVUky89-5e7otyBCAQEKuE7WWG9yEG5UC4F8Kicxy4E721gCzo98uzFEy12DAwSxy4ojAG4VUSeG3O4pEkwTwlod42G1jAwIwoNHs90nUow&__sjsp=gaIp21xy8b2pwN2ch1pap3N2Q8rUsg&__comet_req=17&__spin_r=1049558099&__spin_b=trunk&__spin_t=1791374574 → 200 (287ms, 3532B)
[2026-10-07T12:03:02.460Z] GET https://web.whatsapp.com/ajax/bootloader-endpoint/?modules=WAWebVoipWebWasmLoader_ContentAddressed_internal&__user=0&__a=1&__req=b&__hs=20733.HYP%3Awhatsapp_comet_pkg.2.1...0&dpr=2&__ccg=UNKNOWN&__rev=1049558099&__s=jba163%3Akh98jz%3Aldpecq&__hsi=7693895210999679922&__dyn=7xe5WwlEnwn8K6EjBBwcm5U4e0C8dEc8co2qwJw5ux609vCwjE1EE2Cw8G11wBw5Zx62G3i0ha2l0Fw4Hw9O7U2czXwbu3C2u0NU5G0zEnwhE2Lw6OyES0gq0Lo6-1Fw4mwr9E37wgEbo5G2Be6o7u0_8460CE2zwv82Nwxwso2mwRy8fi0&__csr=g4_5in5gZMD6_3dfRq48lMxN4j4iNOl8QgONYncy8_BcGtWkBAjBlKlpRhRhZVteuRPi_pq8jQHHi8FHmOJ_BqBQmmpd4rWUGibxmJ2Gzo3_Cwzg0yuaxe6801EOQ0I80E202_u02Bi684Im3S0M40MUc93h87W1aSu2mE4d240B44eh0ea26aza8Uck6bw5Gly40JpolAw&__hsdp=gaIp21xy8b2pwN3k6iJ3Nf8gRosgUrjE8XOu44jSDqlYjkxDlHQ3F2EC8yoWYxrO9eeJ7jm2GcEB4eKAmSO6nGl3ujx2Sm5aJa8x2EC2qqGyEV5xd99Amiu8mmbAB8Q6u4kvUzBBylhe59VEymmE2fz8sVHyEaQ4UlyoeFE4a2-2vxjxS7oGFFdabDG1-KGyoGaxu9xaibAz8ow8e1gCzo98uzFEy12DAwSxy4o5i1hCxi3u1lwQg23wIwsU2dw&__hblp=089o5i3SUoBh4Z4xB1NV8g9bQfhcRSzhtii8Qk3ByyGBbh19zOmBkB8r5i8-2qCai4N4ysRPPmHbCEYDiGiSh2ASBFQnjS8lQh9xPpJVWUN5xdmCTjhExplLGQkIwKcpWGQF7G_ThetlRKbjGiHHi8Fqw8-cxPCKawHgjxm9wDxaq12DVUky89-5e7otyBCAQEKuE7WWG9yEG5UC4F8Kicxy4E721gCzo98uzFEy12DAwSxy4ojAG4VUSeG3O4pEkwTwlod42G1jAwIwoNHs90nUow&__sjsp=gaIp21xy8b2pwN2ch1pap3N2Q8rUsg&__comet_req=17&__spin_r=1049558099&__spin_b=trunk&__spin_t=1791374574 → 200 (287ms, 3532B)
[2026-10-07T12:03:02.756Z] GET https://static.whatsapp.net/rsrc.php/y6/r/yoVs3WiLw8S.wasm → 200 (4ms, -2152B)
[2026-10-07T12:03:02.756Z] GET https://static.whatsapp.net/rsrc.php/y6/r/yoVs3WiLw8S.wasm → 200 (4ms, -2152B)
[2026-10-07T12:03:02.768Z] POST https://web.whatsapp.com/ajax/bz?__a=1&__ccg=UNKNOWN&__comet_req=17&__hs=20733.HYP%3Awhatsapp_comet_pkg.2.1...0&__hsi=7693895210999679922&__req=c&__rev=1049558099&__s=jba163%3Akh98jz%3Aldpecq&__spin_b=trunk&__spin_r=1049558099&__spin_t=1791374574&__user=0&dpr=2&jazoest=21734&lsd=AdNJogQ4i6vM94ESP-T2lX&ph=C3 → 200 (288ms, 243B)
[2026-10-07T12:03:02.768Z] POST https://web.whatsapp.com/ajax/bz?__a=1&__ccg=UNKNOWN&__comet_req=17&__hs=20733.HYP%3Awhatsapp_comet_pkg.2.1...0&__hsi=7693895210999679922&__req=c&__rev=1049558099&__s=jba163%3Akh98jz%3Aldpecq&__spin_b=trunk&__spin_r=1049558099&__spin_t=1791374574&__user=0&dpr=2&jazoest=21734&lsd=AdNJogQ4i6vM94ESP-T2lX&ph=C3 → 200 (288ms, 243B)
[2026-10-07T12:03:02.810Z] GET https://web.whatsapp.com/static_resources/webworker_v1/init_script/?__hs=20733.HYP%3Awhatsapp_comet_pkg.2.1...0&__spin_r=1049558099&__spin_b=trunk&__spin_t=1791374574 → 200 (299ms, -5081B)
[2026-10-07T12:03:02.810Z] GET https://web.whatsapp.com/static_resources/webworker_v1/init_script/?__hs=20733.HYP%3Awhatsapp_comet_pkg.2.1...0&__spin_r=1049558099&__spin_b=trunk&__spin_t=1791374574 → 200 (299ms, -5081B)
[2026-10-07T12:03:02.815Z] GET https://web.whatsapp.com/static_resources/webworker_v1/init_script/?__hs=20733.HYP%3Awhatsapp_comet_pkg.2.1...0&__spin_r=1049558099&__spin_b=trunk&__spin_t=1791374574 → 200 (294ms, -5081B)
[2026-10-07T12:03:02.815Z] GET https://web.whatsapp.com/static_resources/webworker_v1/init_script/?__hs=20733.HYP%3Awhatsapp_comet_pkg.2.1...0&__spin_r=1049558099&__spin_b=trunk&__spin_t=1791374574 → 200 (294ms, -5081B)
[2026-10-07T12:03:02.815Z] GET https://web.whatsapp.com/static_resources/webworker_v1/init_script/?__hs=20733.HYP%3Awhatsapp_comet_pkg.2.1...0&__spin_r=1049558099&__spin_b=trunk&__spin_t=1791374574 → 200 (294ms, -5081B)
[2026-10-07T12:03:02.815Z] GET https://web.whatsapp.com/static_resources/webworker_v1/init_script/?__hs=20733.HYP%3Awhatsapp_comet_pkg.2.1...0&__spin_r=1049558099&__spin_b=trunk&__spin_t=1791374574 → 200 (294ms, -5081B)
[2026-10-07T12:03:02.815Z] GET https://web.whatsapp.com/static_resources/webworker_v1/init_script/?__hs=20733.HYP%3Awhatsapp_comet_pkg.2.1...0&__spin_r=1049558099&__spin_b=trunk&__spin_t=1791374574 → 200 (293ms, -5081B)
[2026-10-07T12:03:02.815Z] GET https://web.whatsapp.com/static_resources/webworker_v1/init_script/?__hs=20733.HYP%3Awhatsapp_comet_pkg.2.1...0&__spin_r=1049558099&__spin_b=trunk&__spin_t=1791374574 → 200 (293ms, -5081B)
[2026-10-07T12:03:02.815Z] GET https://web.whatsapp.com/static_resources/webworker_v1/init_script/?__hs=20733.HYP%3Awhatsapp_comet_pkg.2.1...0&__spin_r=1049558099&__spin_b=trunk&__spin_t=1791374574 → 200 (293ms, -5081B)
[2026-10-07T12:03:02.815Z] GET https://web.whatsapp.com/static_resources/webworker_v1/init_script/?__hs=20733.HYP%3Awhatsapp_comet_pkg.2.1...0&__spin_r=1049558099&__spin_b=trunk&__spin_t=1791374574 → 200 (293ms, -5081B)
[2026-10-07T12:03:03.108Z] GET https://static.whatsapp.net/rsrc.php/v4/yz/r/-lMkcoMjrF2.js → 200 (30ms, -2134B)
[2026-10-07T12:03:03.108Z] GET https://static.whatsapp.net/rsrc.php/v4/yz/r/-lMkcoMjrF2.js → 200 (30ms, -2134B)
[2026-10-07T12:03:03.109Z] GET https://static.whatsapp.net/rsrc.php/v4/yz/r/-lMkcoMjrF2.js → 200 (28ms, -2134B)
[2026-10-07T12:03:03.109Z] GET https://static.whatsapp.net/rsrc.php/v4/yz/r/-lMkcoMjrF2.js → 200 (28ms, -2134B)
[2026-10-07T12:03:03.109Z] GET https://static.whatsapp.net/rsrc.php/v4/yz/r/-lMkcoMjrF2.js → 200 (28ms, -2134B)
[2026-10-07T12:03:03.109Z] GET https://static.whatsapp.net/rsrc.php/v4/yz/r/-lMkcoMjrF2.js → 200 (28ms, -2134B)
[2026-10-07T12:03:03.109Z] GET https://static.whatsapp.net/rsrc.php/v4/yz/r/-lMkcoMjrF2.js → 200 (27ms, -2134B)
[2026-10-07T12:03:03.109Z] GET https://static.whatsapp.net/rsrc.php/v4/yz/r/-lMkcoMjrF2.js → 200 (27ms, -2134B)
[2026-10-07T12:03:03.109Z] GET https://static.whatsapp.net/rsrc.php/v4/yz/r/-lMkcoMjrF2.js → 200 (26ms, -2134B)
[2026-10-07T12:03:03.109Z] GET https://static.whatsapp.net/rsrc.php/v4/yz/r/-lMkcoMjrF2.js → 200 (26ms, -2134B)
[2026-10-07T12:03:03.411Z] GET https://web.whatsapp.com/static_resources/webworker_v1/init_script/?__hs=20733.HYP%3Awhatsapp_comet_pkg.2.1...0&__spin_r=1049558099&__spin_b=trunk&__spin_t=1791374574 → 200 (15ms, -5081B)
[2026-10-07T12:03:03.411Z] GET https://web.whatsapp.com/static_resources/webworker_v1/init_script/?__hs=20733.HYP%3Awhatsapp_comet_pkg.2.1...0&__spin_r=1049558099&__spin_b=trunk&__spin_t=1791374574 → 200 (15ms, -5081B)
[2026-10-07T12:03:03.411Z] GET https://web.whatsapp.com/static_resources/webworker_v1/init_script/?__hs=20733.HYP%3Awhatsapp_comet_pkg.2.1...0&__spin_r=1049558099&__spin_b=trunk&__spin_t=1791374574 → 200 (15ms, -5081B)
[2026-10-07T12:03:03.411Z] GET https://web.whatsapp.com/static_resources/webworker_v1/init_script/?__hs=20733.HYP%3Awhatsapp_comet_pkg.2.1...0&__spin_r=1049558099&__spin_b=trunk&__spin_t=1791374574 → 200 (15ms, -5081B)
[2026-10-07T12:03:03.412Z] GET https://web.whatsapp.com/static_resources/webworker_v1/init_script/?__hs=20733.HYP%3Awhatsapp_comet_pkg.2.1...0&__spin_r=1049558099&__spin_b=trunk&__spin_t=1791374574 → 200 (3ms, -5081B)
[2026-10-07T12:03:03.412Z] GET https://web.whatsapp.com/static_resources/webworker_v1/init_script/?__hs=20733.HYP%3Awhatsapp_comet_pkg.2.1...0&__spin_r=1049558099&__spin_b=trunk&__spin_t=1791374574 → 200 (3ms, -5081B)
[2026-10-07T12:03:03.412Z] GET https://web.whatsapp.com/static_resources/webworker_v1/init_script/?__hs=20733.HYP%3Awhatsapp_comet_pkg.2.1...0&__spin_r=1049558099&__spin_b=trunk&__spin_t=1791374574 → 200 (3ms, -5081B)
[2026-10-07T12:03:03.412Z] GET https://web.whatsapp.com/static_resources/webworker_v1/init_script/?__hs=20733.HYP%3Awhatsapp_comet_pkg.2.1...0&__spin_r=1049558099&__spin_b=trunk&__spin_t=1791374574 → 200 (3ms, -5081B)
[2026-10-07T12:03:03.426Z] GET https://static.whatsapp.net/rsrc.php/v4/yz/r/-lMkcoMjrF2.js → 200 (23ms, -2134B)
[2026-10-07T12:03:03.426Z] GET https://static.whatsapp.net/rsrc.php/v4/yz/r/-lMkcoMjrF2.js → 200 (23ms, -2134B)
[2026-10-07T12:03:03.426Z] GET https://static.whatsapp.net/rsrc.php/v4/yz/r/-lMkcoMjrF2.js → 200 (19ms, -2134B)
[2026-10-07T12:03:03.426Z] GET https://static.whatsapp.net/rsrc.php/v4/yz/r/-lMkcoMjrF2.js → 200 (19ms, -2134B)
[2026-10-07T12:03:03.426Z] GET https://static.whatsapp.net/rsrc.php/v4/yz/r/-lMkcoMjrF2.js → 200 (18ms, -2134B)
[2026-10-07T12:03:03.426Z] GET https://static.whatsapp.net/rsrc.php/v4/yz/r/-lMkcoMjrF2.js → 200 (18ms, -2134B)
[2026-10-07T12:03:03.426Z] GET https://static.whatsapp.net/rsrc.php/v4/yz/r/-lMkcoMjrF2.js → 200 (18ms, -2134B)
[2026-10-07T12:03:03.426Z] GET https://static.whatsapp.net/rsrc.php/v4/yz/r/-lMkcoMjrF2.js → 200 (18ms, -2134B)
[2026-10-07T12:03:10.324Z] POST https://dit.whatsapp.net/deidentified_telemetry → 200 (812ms, ?B)
[2026-10-07T12:03:10.324Z] POST https://dit.whatsapp.net/deidentified_telemetry → 200 (812ms, ?B)
[2026-10-07T12:03:10.327Z] POST https://dit.whatsapp.net/deidentified_telemetry → 200 (586ms, ?B)
[2026-10-07T12:03:10.327Z] POST https://dit.whatsapp.net/deidentified_telemetry → 200 (586ms, ?B)
[2026-10-07T12:03:19.681Z] GET https://static.whatsapp.net/rsrc.php/yR/r/ayqr5HQtlkb.wasm → 200 (9ms, -2162B)
[2026-10-07T12:03:19.681Z] GET https://static.whatsapp.net/rsrc.php/yR/r/ayqr5HQtlkb.wasm → 200 (9ms, -2162B)
[2026-10-07T12:03:19.759Z] GET https://webtp.whatsapp.net/pdf-viewer/?locale=en_GB → 200 (11ms, -3140B)
[2026-10-07T12:03:19.759Z] GET https://webtp.whatsapp.net/pdf-viewer/?locale=en_GB → 200 (11ms, -3140B)
[2026-10-07T12:03:19.841Z] GET https://webtp.whatsapp.net/pdf-viewer/sdk/0.7/dc-sdk-launcher.js → 200 (14ms, -2971B)
[2026-10-07T12:03:19.841Z] GET https://webtp.whatsapp.net/pdf-viewer/sdk/0.7/dc-sdk-launcher.js → 200 (14ms, -2971B)
[2026-10-07T12:03:19.841Z] GET https://static.whatsapp.net/rsrc.php/v5/yn/l/0,cross/PWc3PD-lfFt0yBUzlyOT-u3b-zSOlYrV0LONpZ2M7eLZ67YiCwrSHTz7aJrVqajpww.css → 200 (13ms, -2095B)
[2026-10-07T12:03:19.841Z] GET https://static.whatsapp.net/rsrc.php/v5/yn/l/0,cross/PWc3PD-lfFt0yBUzlyOT-u3b-zSOlYrV0LONpZ2M7eLZ67YiCwrSHTz7aJrVqajpww.css → 200 (13ms, -2095B)
[2026-10-07T12:03:19.841Z] GET https://static.whatsapp.net/rsrc.php/v4/yA/r/1WKi-cANTvQ.js → 200 (15ms, -2110B)
[2026-10-07T12:03:19.841Z] GET https://static.whatsapp.net/rsrc.php/v4/yA/r/1WKi-cANTvQ.js → 200 (15ms, -2110B)
[2026-10-07T12:03:19.841Z] GET https://static.whatsapp.net/rsrc.php/v4/yX/r/iZhf15RRSg0ytW1b2Qxpghx-qQCFDdrKuEfUCM1JH7hPe1LtohtOhjwUeY-fCa16Z_NYRCREfGB0TUNViX7Cuc1cbjLqsXL02nsCwamb14RsoK.js → 200 (15ms, -2111B)
[2026-10-07T12:03:19.841Z] GET https://static.whatsapp.net/rsrc.php/v4/yX/r/iZhf15RRSg0ytW1b2Qxpghx-qQCFDdrKuEfUCM1JH7hPe1LtohtOhjwUeY-fCa16Z_NYRCREfGB0TUNViX7Cuc1cbjLqsXL02nsCwamb14RsoK.js → 200 (15ms, -2111B)
[2026-10-07T12:03:19.841Z] GET https://static.whatsapp.net/rsrc.php/v4iGSg4/yd/l/en_GB-j/jyj-hbaHVgV.js → 200 (95ms, -2111B)
[2026-10-07T12:03:19.841Z] GET https://static.whatsapp.net/rsrc.php/v4iGSg4/yd/l/en_GB-j/jyj-hbaHVgV.js → 200 (95ms, -2111B)
[2026-10-07T12:03:19.841Z] GET https://static.whatsapp.net/rsrc.php/v4/yl/r/PIdvmbKuQKV.js → 200 (94ms, -2111B)
[2026-10-07T12:03:19.841Z] GET https://static.whatsapp.net/rsrc.php/v4/yl/r/PIdvmbKuQKV.js → 200 (94ms, -2111B)
[2026-10-07T12:03:19.841Z] GET https://static.whatsapp.net/rsrc.php/v4/ys/r/bzrkJBfdEw6-7vIn-RGQgVqewuf-R3trTTbcR_YvQnye.js → 200 (16ms, -2113B)
[2026-10-07T12:03:19.841Z] GET https://static.whatsapp.net/rsrc.php/v4/ys/r/bzrkJBfdEw6-7vIn-RGQgVqewuf-R3trTTbcR_YvQnye.js → 200 (16ms, -2113B)
[2026-10-07T12:03:19.841Z] GET https://static.whatsapp.net/rsrc.php/v4/yR/r/hJwh_NY1fDd.js → 200 (23ms, -2126B)
[2026-10-07T12:03:19.841Z] GET https://static.whatsapp.net/rsrc.php/v4/yR/r/hJwh_NY1fDd.js → 200 (23ms, -2126B)
[2026-10-07T12:03:19.841Z] GET https://static.whatsapp.net/rsrc.php/v4/y2/r/nB3L7NOxLf7.js → 200 (24ms, -2128B)
[2026-10-07T12:03:19.841Z] GET https://static.whatsapp.net/rsrc.php/v4/y2/r/nB3L7NOxLf7.js → 200 (24ms, -2128B)
[2026-10-07T12:03:19.841Z] GET https://static.whatsapp.net/rsrc.php/v4/yy/r/PcRDWKgvR-R.js → 200 (94ms, -2128B)
[2026-10-07T12:03:19.841Z] GET https://static.whatsapp.net/rsrc.php/v4/yy/r/PcRDWKgvR-R.js → 200 (94ms, -2128B)
[2026-10-07T12:03:19.851Z] GET https://static.whatsapp.net/rsrc.php/v4iPBc4/yD/l/en_GB-j/cBYp7wNU9nV.js → 200 (194ms, -2109B)
[2026-10-07T12:03:19.851Z] GET https://static.whatsapp.net/rsrc.php/v4iPBc4/yD/l/en_GB-j/cBYp7wNU9nV.js → 200 (194ms, -2109B)
[2026-10-07T12:03:19.852Z] POST https://www.facebook.com/csp/reporting/?minimize=0 → pending (?ms, ?B)
[2026-10-07T12:03:19.852Z] POST https://www.facebook.com/csp/reporting/?minimize=0 → pending (?ms, ?B)
[2026-10-07T12:03:19.853Z] POST https://www.facebook.com/csp/reporting/?minimize=0 → pending (?ms, ?B)
[2026-10-07T12:03:19.853Z] POST https://www.facebook.com/csp/reporting/?minimize=0 → pending (?ms, ?B)
[2026-10-07T12:03:19.857Z] GET https://static.whatsapp.net/rsrc.php/v4/yX/r/0bV9cmE2HwH.js → 200 (86ms, -2181B)
[2026-10-07T12:03:19.857Z] GET https://static.whatsapp.net/rsrc.php/v4/yX/r/0bV9cmE2HwH.js → 200 (86ms, -2181B)
[2026-10-07T12:03:19.861Z] GET https://web.whatsapp.com/ajax/bootloader-endpoint/?nb_modules=WAWebNewsletterStatusGapFillAction&__user=0&__a=1&__req=d&__hs=20733.HYP%3Awhatsapp_comet_pkg.2.1...0&dpr=2&__ccg=UNKNOWN&__rev=1049558099&__s=jba163%3Akh98jz%3Aldpecq&__hsi=7693895210999679922&__dyn=7xe5WwlEnwn8K6EjBBwcm5U4e0C8dEc8co2qwJw5ux609vCwjE1EE2Cw8G11wBw5Zx62G3i0ha2l0Fw4Hw9O7U2czXwbu3C2u0NU5G0zEnwhE2Lw6OyES0gq0Lo6-1Fw4mwr9E37wgEbo5G2Be6o7u0_8460CE2zwroW0Io8o760BEdoy3Qw&__csr=g4_5in5gZMD6_3dfRq48lMxN4j4iNOl8QgONYncy8_BcGtWkBAjBlKlpRhRhZVteuRPi_pq8jQHHi8FHmOJ_BqBQmmpd4rWUGibxmJ2Gzo3_Cwzg0yuaxe6801EOQ0I80E202_u02Bi684Im3S0M40MUc93h87W1aSu2mE4d240B44eh0ea26aza8Uck6bw5Gly40JpolAw&__hsdp=gaIp21xy8b2pwN3k6iJ3Nf8gRqxB3xJewzL9UghfqtFnNdi6tmLgeAayoy9zHO5L8AUWQtdoaEOykgWWhrr8puFkdVe4bpokGQEy4ayo9FGGazAm4QAChp9UxpoKikzgpUhh_yemm9l4UkDCy9pqw8-cxPCKawHgjxm9wWCwgEbU9-5e7otyGCAQEKuE7WWG9yEG5UC4F8Kicxy0wU52qdwAxWeCy84aui3q68hwl856q58dU5m3h08e2O1Pw8S&__hblp=089o5i3SUoBh4Z4xB1NV8g9bQfhcRSzhtii8Qk3ByyGBbh19zOmBkB8r5i8-2qCai4N4ysRPPmHbCEYDiGiSh2ASBFQnjS8lQh9xPpJVWUN5xdmCTjhExplLGQkIwKcpWGQF7G_ThetlRKbjGiHHi8Fqw8-cxPCKawHgjxm9wDxaq12DVUky89-5e7otyBCAQEKuE7WWG9yEG5UC4F8Kicxy4E721gCzo98uzFEy12DAwSxy4ojAG4VUSeG3O4pEkwTwlod42G1jAwIwoNHs90nUow&__sjsp=gaIp21xy8b2pwN2ch1pap3N2Q8rWxB0&__comet_req=17&__spin_r=1049558099&__spin_b=trunk&__spin_t=1791374574 → pending (?ms, ?B)
[2026-10-07T12:03:19.861Z] GET https://web.whatsapp.com/ajax/bootloader-endpoint/?nb_modules=WAWebNewsletterStatusGapFillAction&__user=0&__a=1&__req=d&__hs=20733.HYP%3Awhatsapp_comet_pkg.2.1...0&dpr=2&__ccg=UNKNOWN&__rev=1049558099&__s=jba163%3Akh98jz%3Aldpecq&__hsi=7693895210999679922&__dyn=7xe5WwlEnwn8K6EjBBwcm5U4e0C8dEc8co2qwJw5ux609vCwjE1EE2Cw8G11wBw5Zx62G3i0ha2l0Fw4Hw9O7U2czXwbu3C2u0NU5G0zEnwhE2Lw6OyES0gq0Lo6-1Fw4mwr9E37wgEbo5G2Be6o7u0_8460CE2zwroW0Io8o760BEdoy3Qw&__csr=g4_5in5gZMD6_3dfRq48lMxN4j4iNOl8QgONYncy8_BcGtWkBAjBlKlpRhRhZVteuRPi_pq8jQHHi8FHmOJ_BqBQmmpd4rWUGibxmJ2Gzo3_Cwzg0yuaxe6801EOQ0I80E202_u02Bi684Im3S0M40MUc93h87W1aSu2mE4d240B44eh0ea26aza8Uck6bw5Gly40JpolAw&__hsdp=gaIp21xy8b2pwN3k6iJ3Nf8gRqxB3xJewzL9UghfqtFnNdi6tmLgeAayoy9zHO5L8AUWQtdoaEOykgWWhrr8puFkdVe4bpokGQEy4ayo9FGGazAm4QAChp9UxpoKikzgpUhh_yemm9l4UkDCy9pqw8-cxPCKawHgjxm9wWCwgEbU9-5e7otyGCAQEKuE7WWG9yEG5UC4F8Kicxy0wU52qdwAxWeCy84aui3q68hwl856q58dU5m3h08e2O1Pw8S&__hblp=089o5i3SUoBh4Z4xB1NV8g9bQfhcRSzhtii8Qk3ByyGBbh19zOmBkB8r5i8-2qCai4N4ysRPPmHbCEYDiGiSh2ASBFQnjS8lQh9xPpJVWUN5xdmCTjhExplLGQkIwKcpWGQF7G_ThetlRKbjGiHHi8Fqw8-cxPCKawHgjxm9wDxaq12DVUky89-5e7otyBCAQEKuE7WWG9yEG5UC4F8Kicxy4E721gCzo98uzFEy12DAwSxy4ojAG4VUSeG3O4pEkwTwlod42G1jAwIwoNHs90nUow&__sjsp=gaIp21xy8b2pwN2ch1pap3N2Q8rWxB0&__comet_req=17&__spin_r=1049558099&__spin_b=trunk&__spin_t=1791374574 → pending (?ms, ?B)
[2026-10-07T12:03:20.062Z] GET https://static.whatsapp.net/rsrc.php/v4i2Zd4/y0/l/en_GB-j/YSqKAdzms1P.js → 200 (5ms, -2130B)
[2026-10-07T12:03:20.062Z] GET https://static.whatsapp.net/rsrc.php/v4i2Zd4/y0/l/en_GB-j/YSqKAdzms1P.js → 200 (5ms, -2130B)
[2026-10-07T12:03:20.062Z] GET https://static.whatsapp.net/rsrc.php/v4/yY/r/GMX8wNtqyvd.js → 200 (7ms, -2115B)
[2026-10-07T12:03:20.062Z] GET https://static.whatsapp.net/rsrc.php/v4/yY/r/GMX8wNtqyvd.js → 200 (7ms, -2115B)
[2026-10-07T12:03:20.064Z] GET https://webtp.whatsapp.net/ajax/bootloader-endpoint/?nb_modules=WAWebTPPdfViewerContextMenu.react&__user=0&__a=1&__req=1&__hs=20733.HYP%3Awhatsapp_webtp_pkg.2.1...0&dpr=2&__ccg=UNKNOWN&__rev=1049549980&__s=j1g14m%3Agbdsxg%3A8v0zg9&__hsi=7693880414751889561&__dyn=0SwlE7ibwKBBwcm5U4e0C86u09Hw2pE4W099w2wE5-0me0sy0ny0oi0zE5W09yyE1581bo1Xo1UU1JE&__csr=gg9oxqWqdNL9sxqbip4VAVaDUXKmHzo0jnwBw02gDViNixpgwod0&__hsdp=g-Y56&__hblp=0SgkyCkCqcOnMzP8JQh5UF4zQuE8UiwXAyQl09e0bDo-2lpneEh7MOV-C&__sjsp=g-Y8Eaa&__comet_req=115&locale=en_GB&__spin_r=1049549980&__spin_b=trunk&__spin_t=1791371129 → pending (?ms, ?B)
[2026-10-07T12:03:20.064Z] GET https://webtp.whatsapp.net/ajax/bootloader-endpoint/?nb_modules=WAWebTPPdfViewerContextMenu.react&__user=0&__a=1&__req=1&__hs=20733.HYP%3Awhatsapp_webtp_pkg.2.1...0&dpr=2&__ccg=UNKNOWN&__rev=1049549980&__s=j1g14m%3Agbdsxg%3A8v0zg9&__hsi=7693880414751889561&__dyn=0SwlE7ibwKBBwcm5U4e0C86u09Hw2pE4W099w2wE5-0me0sy0ny0oi0zE5W09yyE1581bo1Xo1UU1JE&__csr=gg9oxqWqdNL9sxqbip4VAVaDUXKmHzo0jnwBw02gDViNixpgwod0&__hsdp=g-Y56&__hblp=0SgkyCkCqcOnMzP8JQh5UF4zQuE8UiwXAyQl09e0bDo-2lpneEh7MOV-C&__sjsp=g-Y8Eaa&__comet_req=115&locale=en_GB&__spin_r=1049549980&__spin_b=trunk&__spin_t=1791371129 → pending (?ms, ?B)
[2026-10-07T12:03:20.066Z] GET https://static.whatsapp.net/rsrc.php/v5/yG/l/0,cross/e3wBi0EdoGQ.css → 200 (3ms, -2098B)
[2026-10-07T12:03:20.066Z] GET https://static.whatsapp.net/rsrc.php/v5/yG/l/0,cross/e3wBi0EdoGQ.css → 200 (3ms, -2098B)
[2026-10-07T12:03:20.066Z] GET https://static.whatsapp.net/rsrc.php/v4/yO/r/op88iTvt1jI.js → 200 (4ms, -2066B)
[2026-10-07T12:03:20.066Z] GET https://static.whatsapp.net/rsrc.php/v4/yO/r/op88iTvt1jI.js → 200 (4ms, -2066B)
[2026-10-07T12:03:20.069Z] GET https://webtp.whatsapp.net/ajax/bootloader-endpoint/?nb_modules=WDSLoadRobotoVariableFont&__user=0&__a=1&__req=2&__hs=20733.HYP%3Awhatsapp_webtp_pkg.2.1...0&dpr=2&__ccg=UNKNOWN&__rev=1049549980&__s=j1g14m%3Agbdsxg%3A8v0zg9&__hsi=7693880414751889561&__dyn=0SwlE7ibwKBBwcm5U4e0C86u09Hw2pE4W099w2wE5-0me0sy0ny0oi0zE5W09yyE1581bo1Xo1UU1JE&__csr=gg9oxqWqdNL9sxqbip4VAVaDUXKmHzo0jnwBw02gDViNixpgwod0&__hsdp=g-Y56&__hblp=0SgkyCkCqcOnMzP8JQh5UF4zQuE8UiwXAyQl09e0bDo-2lpneEh7MOV-C&__sjsp=g-Y8Eaa&__comet_req=115&locale=en_GB&__spin_r=1049549980&__spin_b=trunk&__spin_t=1791371129 → pending (?ms, ?B)
[2026-10-07T12:03:20.069Z] GET https://webtp.whatsapp.net/ajax/bootloader-endpoint/?nb_modules=WDSLoadRobotoVariableFont&__user=0&__a=1&__req=2&__hs=20733.HYP%3Awhatsapp_webtp_pkg.2.1...0&dpr=2&__ccg=UNKNOWN&__rev=1049549980&__s=j1g14m%3Agbdsxg%3A8v0zg9&__hsi=7693880414751889561&__dyn=0SwlE7ibwKBBwcm5U4e0C86u09Hw2pE4W099w2wE5-0me0sy0ny0oi0zE5W09yyE1581bo1Xo1UU1JE&__csr=gg9oxqWqdNL9sxqbip4VAVaDUXKmHzo0jnwBw02gDViNixpgwod0&__hsdp=g-Y56&__hblp=0SgkyCkCqcOnMzP8JQh5UF4zQuE8UiwXAyQl09e0bDo-2lpneEh7MOV-C&__sjsp=g-Y8Eaa&__comet_req=115&locale=en_GB&__spin_r=1049549980&__spin_b=trunk&__spin_t=1791371129 → pending (?ms, ?B)
[2026-10-07T12:03:23.287Z] GET https://web.whatsapp.com/emoji/v1/16/0/2/sprite/a/64/138.webp → 200 (1ms, -4819B)
[2026-10-07T12:03:23.287Z] GET https://web.whatsapp.com/emoji/v1/16/0/2/sprite/a/64/138.webp → 200 (1ms, -4819B)
[2026-10-07T12:03:23.288Z] GET https://web.whatsapp.com/emoji/v1/16/0/2/sprite/a/64/77.webp → 200 (4ms, -4840B)
[2026-10-07T12:03:23.288Z] GET https://web.whatsapp.com/emoji/v1/16/0/2/sprite/a/64/77.webp → 200 (4ms, -4840B)
[2026-10-07T12:03:23.293Z] GET https://web.whatsapp.com/emoji/v1/16/0/2/sprite/a/64/86.webp → 200 (4ms, -4815B)
[2026-10-07T12:03:23.293Z] GET https://web.whatsapp.com/emoji/v1/16/0/2/sprite/a/64/86.webp → 200 (4ms, -4815B)
[2026-10-07T12:03:23.297Z] GET https://web.whatsapp.com/emoji/v1/16/0/2/sprite/a/64/85.webp → 200 (1ms, -4900B)
[2026-10-07T12:03:23.297Z] GET https://web.whatsapp.com/emoji/v1/16/0/2/sprite/a/64/85.webp → 200 (1ms, -4900B)
[2026-10-07T12:03:23.298Z] GET https://web.whatsapp.com/emoji/v1/16/0/2/sprite/a/64/24.webp → 200 (?ms, -4816B)
[2026-10-07T12:03:23.298Z] GET https://web.whatsapp.com/emoji/v1/16/0/2/sprite/a/64/24.webp → 200 (?ms, -4816B)
[2026-10-07T12:03:24.706Z] GET https://media-cpt1-1.cdn.whatsapp.net/v/t62.36144-24/839873265_1114433577774060_1159646455850538631_n.enc?ccb=11-4&oh=01_Q5Aa5wHO1ONmouAwuAlYimXO9N8aE43iBGNMguu2Oh7dEdWDOg&oe=6AEDA67E&_nc_sid=5e03e0&hash=oQCEBPMOJArf0AeaKEt9ftSmNEoAtaQ2u1dBSoRAI0Q%3D&_nc_cat=108&mms-type=thumbnail-link&__wa-mms= → 200 (223ms, 124002B)
[2026-10-07T12:03:24.706Z] GET https://media-cpt1-1.cdn.whatsapp.net/v/t62.36144-24/839873265_1114433577774060_1159646455850538631_n.enc?ccb=11-4&oh=01_Q5Aa5wHO1ONmouAwuAlYimXO9N8aE43iBGNMguu2Oh7dEdWDOg&oe=6AEDA67E&_nc_sid=5e03e0&hash=oQCEBPMOJArf0AeaKEt9ftSmNEoAtaQ2u1dBSoRAI0Q%3D&_nc_cat=108&mms-type=thumbnail-link&__wa-mms= → 200 (223ms, 124002B)
[2026-10-07T12:03:28.688Z] GET https://static.whatsapp.net/rsrc.php/yu/r/lsK0FC6wi8C.m4a → 206 (3ms, -2086B)
[2026-10-07T12:03:28.688Z] GET https://static.whatsapp.net/rsrc.php/yu/r/lsK0FC6wi8C.m4a → 206 (3ms, -2086B)
[2026-10-07T12:04:08.977Z] POST https://web.whatsapp.com/ajax/bz?__a=1&__ccg=UNKNOWN&__comet_req=17&__hs=20733.HYP%3Awhatsapp_comet_pkg.2.1...0&__hsi=7693895210999679922&__req=e&__rev=1049558099&__s=%3Akh98jz%3Aldpecq&__spin_b=trunk&__spin_r=1049558099&__spin_t=1791374574&__user=0&dpr=2&jazoest=21734&lsd=AdNJogQ4i6vM94ESP-T2lX&ph=C3 → pending (?ms, ?B)
[2026-10-07T12:04:08.977Z] POST https://web.whatsapp.com/ajax/bz?__a=1&__ccg=UNKNOWN&__comet_req=17&__hs=20733.HYP%3Awhatsapp_comet_pkg.2.1...0&__hsi=7693895210999679922&__req=e&__rev=1049558099&__s=%3Akh98jz%3Aldpecq&__spin_b=trunk&__spin_r=1049558099&__spin_t=1791374574&__user=0&dpr=2&jazoest=21734&lsd=AdNJogQ4i6vM94ESP-T2lX&ph=C3 → pending (?ms, ?B)
[2026-10-07T12:05:26.297Z] POST https://web.whatsapp.com/ajax/bz?__a=1&__ccg=UNKNOWN&__comet_req=17&__hs=20733.HYP%3Awhatsapp_comet_pkg.2.1...0&__hsi=7693895210999679922&__req=f&__rev=1049558099&__s=%3Akh98jz%3Aldpecq&__spin_b=trunk&__spin_r=1049558099&__spin_t=1791374574&__user=0&dpr=2&jazoest=21734&lsd=AdNJogQ4i6vM94ESP-T2lX&ph=C3 → pending (?ms, ?B)
[2026-10-07T12:05:26.297Z] POST https://web.whatsapp.com/ajax/bz?__a=1&__ccg=UNKNOWN&__comet_req=17&__hs=20733.HYP%3Awhatsapp_comet_pkg.2.1...0&__hsi=7693895210999679922&__req=f&__rev=1049558099&__s=%3Akh98jz%3Aldpecq&__spin_b=trunk&__spin_r=1049558099&__spin_t=1791374574&__user=0&dpr=2&jazoest=21734&lsd=AdNJogQ4i6vM94ESP-T2lX&ph=C3 → pending (?ms, ?B)
[2026-10-07T12:06:31.429Z] POST https://web.whatsapp.com/ajax/bz?__a=1&__ccg=UNKNOWN&__comet_req=17&__hs=20733.HYP%3Awhatsapp_comet_pkg.2.1...0&__hsi=7693895210999679922&__req=g&__rev=1049558099&__s=%3Akh98jz%3Aldpecq&__spin_b=trunk&__spin_r=1049558099&__spin_t=1791374574&__user=0&dpr=2&jazoest=21734&lsd=AdNJogQ4i6vM94ESP-T2lX&ph=C3 → pending (?ms, ?B)
[2026-10-07T12:06:31.429Z] POST https://web.whatsapp.com/ajax/bz?__a=1&__ccg=UNKNOWN&__comet_req=17&__hs=20733.HYP%3Awhatsapp_comet_pkg.2.1...0&__hsi=7693895210999679922&__req=g&__rev=1049558099&__s=%3Akh98jz%3Aldpecq&__spin_b=trunk&__spin_r=1049558099&__spin_t=1791374574&__user=0&dpr=2&jazoest=21734&lsd=AdNJogQ4i6vM94ESP-T2lX&ph=C3 → pending (?ms, ?B)
[2026-10-07T12:08:48.422Z] POST https://web.whatsapp.com/ajax/bz?__a=1&__ccg=UNKNOWN&__comet_req=17&__hs=20733.HYP%3Awhatsapp_comet_pkg.2.1...0&__hsi=7693895210999679922&__req=h&__rev=1049558099&__s=%3Akh98jz%3Aldpecq&__spin_b=trunk&__spin_r=1049558099&__spin_t=1791374574&__user=0&dpr=2&jazoest=21734&lsd=AdNJogQ4i6vM94ESP-T2lX&ph=C3 → pending (?ms, ?B)
[2026-10-07T12:08:48.427Z] POST https://web.whatsapp.com/ajax/bz?__a=1&__ccg=UNKNOWN&__comet_req=17&__hs=20733.HYP%3Awhatsapp_comet_pkg.2.1...0&__hsi=7693895210999679922&__req=h&__rev=1049558099&__s=%3Akh98jz%3Aldpecq&__spin_b=trunk&__spin_r=1049558099&__spin_t=1791374574&__user=0&dpr=2&jazoest=21734&lsd=AdNJogQ4i6vM94ESP-T2lX&ph=C3 → pending (?ms, ?B)
[2026-10-07T12:09:54.124Z] POST https://web.whatsapp.com/ajax/bz?__a=1&__ccg=UNKNOWN&__comet_req=17&__hs=20733.HYP%3Awhatsapp_comet_pkg.2.1...0&__hsi=7693895210999679922&__req=i&__rev=1049558099&__s=%3Akh98jz%3Aldpecq&__spin_b=trunk&__spin_r=1049558099&__spin_t=1791374574&__user=0&dpr=2&jazoest=21734&lsd=AdNJogQ4i6vM94ESP-T2lX&ph=C3 → pending (?ms, ?B)
[2026-10-07T12:09:54.124Z] POST https://web.whatsapp.com/ajax/bz?__a=1&__ccg=UNKNOWN&__comet_req=17&__hs=20733.HYP%3Awhatsapp_comet_pkg.2.1...0&__hsi=7693895210999679922&__req=i&__rev=1049558099&__s=%3Akh98jz%3Aldpecq&__spin_b=trunk&__spin_r=1049558099&__spin_t=1791374574&__user=0&dpr=2&jazoest=21734&lsd=AdNJogQ4i6vM94ESP-T2lX&ph=C3 → pending (?ms, ?B)
[2026-10-07T12:09:56.099Z] POST https://web.whatsapp.com/ajax/bz?__a=1&__ccg=UNKNOWN&__comet_req=17&__hs=20733.HYP%3Awhatsapp_comet_pkg.2.1...0&__hsi=7693895210999679922&__req=j&__rev=1049558099&__s=%3Akh98jz%3Aldpecq&__spin_b=trunk&__spin_r=1049558099&__spin_t=1791374574&__user=0&dpr=2&jazoest=21734&lsd=AdNJogQ4i6vM94ESP-T2lX&ph=C3 → pending (?ms, ?B)
[2026-10-07T12:09:56.099Z] POST https://web.whatsapp.com/ajax/bz?__a=1&__ccg=UNKNOWN&__comet_req=17&__hs=20733.HYP%3Awhatsapp_comet_pkg.2.1...0&__hsi=7693895210999679922&__req=j&__rev=1049558099&__s=%3Akh98jz%3Aldpecq&__spin_b=trunk&__spin_r=1049558099&__spin_t=1791374574&__user=0&dpr=2&jazoest=21734&lsd=AdNJogQ4i6vM94ESP-T2lX&ph=C3 → pending (?ms, ?B)
[2026-10-07T12:11:12.732Z] POST https://web.whatsapp.com/ajax/bz?__a=1&__ccg=UNKNOWN&__comet_req=17&__hs=20733.HYP%3Awhatsapp_comet_pkg.2.1...0&__hsi=7693895210999679922&__req=k&__rev=1049558099&__s=%3Akh98jz%3Aldpecq&__spin_b=trunk&__spin_r=1049558099&__spin_t=1791374574&__user=0&dpr=2&jazoest=21734&lsd=AdNJogQ4i6vM94ESP-T2lX&ph=C3 → 200 (658ms, 239B)
[2026-10-07T12:11:12.733Z] POST https://web.whatsapp.com/ajax/bz?__a=1&__ccg=UNKNOWN&__comet_req=17&__hs=20733.HYP%3Awhatsapp_comet_pkg.2.1...0&__hsi=7693895210999679922&__req=k&__rev=1049558099&__s=%3Akh98jz%3Aldpecq&__spin_b=trunk&__spin_r=1049558099&__spin_t=1791374574&__user=0&dpr=2&jazoest=21734&lsd=AdNJogQ4i6vM94ESP-T2lX&ph=C3 → 200 (657ms, 239B)
[2026-10-07T12:11:14.532Z] POST https://web.whatsapp.com/ajax/bz?__a=1&__ccg=UNKNOWN&__comet_req=17&__hs=20733.HYP%3Awhatsapp_comet_pkg.2.1...0&__hsi=7693895210999679922&__req=l&__rev=1049558099&__s=%3Akh98jz%3Aldpecq&__spin_b=trunk&__spin_r=1049558099&__spin_t=1791374574&__user=0&dpr=2&jazoest=21734&lsd=AdNJogQ4i6vM94ESP-T2lX&ph=C3 → pending (?ms, ?B)
[2026-10-07T12:11:14.532Z] POST https://web.whatsapp.com/ajax/bz?__a=1&__ccg=UNKNOWN&__comet_req=17&__hs=20733.HYP%3Awhatsapp_comet_pkg.2.1...0&__hsi=7693895210999679922&__req=l&__rev=1049558099&__s=%3Akh98jz%3Aldpecq&__spin_b=trunk&__spin_r=1049558099&__spin_t=1791374574&__user=0&dpr=2&jazoest=21734&lsd=AdNJogQ4i6vM94ESP-T2lX&ph=C3 → pending (?ms, ?B)
